code,name,categories,measurements,arm_observed,source_classes,active,start_date,end_date,pdf,has_pdf,handbook,handbook_guess,n_datastreams,n_ds_with_data,n_sites,sites,ex_datastream,ex_site,ex_facility,ex_level,ex_start,ex_end,ex_active,skill_ready,desc_len,skill,verified_file,verified_on,authors,handbook_report,handbook_date,handbook_pages,n_artifacts_documented,shared_handbook_with,example_verified,no_example_reason,handbook_is_parent,handbook_coverage,no_handbook_reason
2dp-air,2 Dimensional Precipitation Optical Array Probe aboard aircraft,Airborne Observations; Cloud Properties,,False,iop,False,,,,False,,,0,,0,,,,,,,,,False,133,,,,,,,,,,,,,,
2ds-air,2 Dimensional Stereo Probe aboard aircraft,Airborne Observations; Cloud Properties,Cloud particle number concentration; Cloud particle size distribution,True,armderiv; armobs; iop,False,2014-02-15,2023-08-12,https://www.arm.gov/publications/tech_reports/handbooks/doe-sc-arm-tr-233.pdf,True,https://www.arm.gov/publications/tech_reports/handbooks/doe-sc-arm-tr-233.pdf,,16,12.0,6,"acx,cor,ena,mao,nsa,sgp",sgpaaf2dsvF1.c1,sgp,F1,c1,2016-04-25,2016-09-22,True,True,120,arm-instrument-2ds-air,sgpaaf2dsvF1.c1.20160920.202755.nc,2026-09-23,S Glienke; F Mei,DOE/SC-ARM-TR-233,November 2019,18.0,12.0,,True,,,,
4star-air,"Spectrometer for Sky-Scanning, Sun Tracking Atmospheric Research",,,False,iop,False,,,,False,,,0,,0,,,,,,,,,False,0,,,,,,,,,,,,,,
50rwp,Radar Wind Profiler (50 MHz),Atmospheric Profiling,Backscattered radiation; Horizontal wind; Radar Doppler; Vertical velocity; Virtual temperature,True,armobs; iop,False,1997-05-19,2006-05-04,https://www.arm.gov/publications/tech_reports/handbooks/50rwp_handbook.pdf,True,https://www.arm.gov/publications/tech_reports/handbooks/50rwp_handbook.pdf,https://www.arm.gov/publications/tech_reports/handbooks/50rwp_handbook.pdf,14,14.0,1,sgp,sgp50rwpwindC1.b1,sgp,C1,b1,1997-05-19,2001-03-31,False,True,275,arm-instrument-50rwp,sgp50rwpwindC1.b1.20010328.001042.cdf,2026-09-23,R. Coulter,ARM TR-045,November 2004,17.0,10.0,,True,,,,
5mm-mwr,5mm Scanning Radiometer,Atmospheric Profiling,,False,iop,False,,,,False,,,0,,0,,,,,,,,,False,0,,,,,,,,,,,,,,
aafmerged,ARM Aerial Facility (AAF) Merged VAP for Historical AAF G1 Field Campaigns,Airborne Observations,Aerosol absorption; Aerosol backscattered radiation; Aerosol concentration; Aerosol particle size distribution; Aerosol scattering; Atmospheric moisture,False,armderiv; extderiv,False,2013-07-15,2024-03-01,https://www.arm.gov/publications/tech_reports/doe-sc-arm-tr-299.pdf,True,https://www.arm.gov/publications/tech_reports/doe-sc-arm-tr-299.pdf,,10,7.0,7,"acx,cor,ena,mao,nsa,osc,sgp",sgpaafmergedF1.c1,sgp,F1,c1,2016-04-25,2016-09-22,True,False,74,,,,,,,,,,,,,,
aats,Ames Airborne Tracking Sunphotometer,Aerosols; Airborne Observations; Radiometric,,False,iop,False,,,,False,,,0,,0,,,,,,,,,False,0,,,,,,,,,,,,,,
abrfc,Arkansas-Red Basin River Forecast Center,Surface Meteorology,Precipitation,False,extderiv,False,1994-06-24,2020-02-19,,False,,,2,2.0,1,sgp,sgpabrfcprecipX1.c1,sgp,X1,c1,1994-06-24,2020-02-19,True,False,68,,,,,,,,,,,,,,
acars,Aircraft Communications Addressing and Reporting System,Atmospheric Profiling,Atmospheric moisture; Atmospheric turbulence; Horizontal wind; Vertical velocity,False,extobs,False,1998-09-22,2008-05-31,,False,,,4,4.0,4,"gec,nsa,sgp,twp",sgpacarsX1.a1,sgp,X1,a1,1998-09-22,2008-05-31,True,False,206,,,,,,,,,,,,,,
acr-jpl,Airborne Cloud Radar - JPL,Airborne Observations; Cloud Properties,,False,iop,False,,,,False,,,0,,0,,,,,,,,,False,0,,,,,,,,,,,,,,
acred,ARM Cloud Retrieval Ensemble Data,Cloud Properties,Cloud effective radius; Ice water content; Ice water path; Liquid water content; Liquid water path,False,evalderiv,False,1997-01-01,2009-06-30,,False,,,5,5.0,3,"nsa,sgp,twp",sgpacredC1.c1,sgp,C1,c1,1997-01-01,2008-12-31,True,False,286,,,,,,,,,,,,,,
acsm,Aerosol Chemical Speciation Monitor,Aerosols,Inorganic chemical composition; Organic Material Concentration,True,armobs; extobs; iop,True,2010-11-18,2026-09-23,https://www.arm.gov/publications/tech_reports/handbooks/acsm_handbook.pdf,True,https://www.arm.gov/publications/tech_reports/handbooks/acsm_handbook.pdf,https://www.arm.gov/publications/tech_reports/handbooks/acsm_handbook.pdf,72,40.0,16,"anx,asi,bnf,cor,crg,dst,ena,epc,guc,hou,kcg,mao",sgpaosacsmC1.b1,sgp,E13,b1,2019-09-30,2026-05-27,True,True,393,arm-instrument-acsm,sgpaosacsmC1.b1.20161222.001505.cdf,2026-09-23,TB Watson,DOE/SC-ARM-TR-196,August 2017,21.0,10.0,,True,,,,
acsmcdce,"ACSM, corrected for composition-dependent collection efficiency",Aerosols; Derived Quantities and Models,Aerosol concentration; Inorganic chemical composition; Organic Material Concentration,False,armderiv,True,2010-11-18,2026-09-23,https://www.arm.gov/publications/tech_reports/doe-sc-arm-tr-271.pdf,True,https://www.arm.gov/publications/tech_reports/doe-sc-arm-tr-271.pdf,,30,26.0,13,"asi,bnf,cor,crg,dst,ena,epc,guc,hou,mos,nsa,pvc",sgpacsmcdceE13.c1,sgp,E13,c1,2019-10-01,2026-05-26,True,False,356,,,,,,,,,,,,,,
aeri,Atmospheric Emitted Radiance Interferometer,Radiometric,Longwave spectral brightness temperature; Longwave spectral radiance,True,armobs; extobs; iop,True,1994-01-10,2026-09-21,https://www.arm.gov/publications/tech_reports/handbooks/aeri_handbook.pdf,True,https://www.arm.gov/publications/tech_reports/handbooks/aeri_handbook.pdf,https://www.arm.gov/publications/tech_reports/handbooks/aeri_handbook.pdf,209,209.0,31,"acx,anx,asi,awr,bnf,cor,crg,dst,ena,epc,fkb,grw",sgpaerisummaryC1.b1,sgp,C1,b1,2004-02-10,2026-09-21,True,True,392,arm-instrument-aeri,sgpaerisummaryC1.b1.20260921.000405.nc,2026-09-23,J Gero; D Hackel,DOE/SC-ARM-TR-054,March 2025,22.0,14.0,,True,,,,
aeri-cf,AERI Cloud Fraction,Cloud Properties; Derived Quantities and Models,,False,iop,False,,,,False,,,0,,0,,,,,,,,,False,0,,,,,,,,,,,,,,
aerinf,AERI Noise Filtered,Radiometric,Longwave spectral radiance,False,armderiv; evalderiv; extderiv; iop,True,2005-03-23,2026-09-20,https://www.arm.gov/publications/tech_reports/arm-tr-071.pdf,True,https://www.arm.gov/publications/tech_reports/arm-tr-071.pdf,,71,68.0,27,"anx,asi,awr,bnf,cor,crg,dst,ena,epc,fkb,grw,guc",bnfaerich2nf1turnM1.c1,bnf,M1,c1,2024-10-01,2026-09-19,True,False,265,,,,,,,,,,,,,,
aerioe,AERIoe Thermodynamic Profile and Cloud Retrieval,Derived Quantities and Models,Atmospheric moisture; Atmospheric temperature; Cloud effective radius; Cloud optical depth; Liquid water path,False,armderiv; evalderiv; iop,False,2016-01-01,2023-06-13,https://www.arm.gov/publications/tech_reports/doe-sc-arm-tr-234.pdf,True,https://www.arm.gov/publications/tech_reports/doe-sc-arm-tr-234.pdf,,13,8.0,8,"anx,cor,ena,guc,hou,mar,nsa,sgp",sgpaerioe1turnC1.c1,sgp,C1,c1,2016-01-01,2023-06-13,True,False,207,,,,,,,,,,,,,,
aeriplus-uwisc,AERIPLUS-University of Wisconsin,Atmospheric Profiling; Cloud Properties,,False,iop,False,,,,False,,,0,,0,,,,,,,,,False,0,,,,,,,,,,,,,,
aeriprof,AERI Profiles of Water Vapor and Temperature,Derived Quantities and Models; Radiometric,Atmospheric moisture; Atmospheric temperature,False,armderiv; iop,False,1996-06-14,2025-06-28,https://www.arm.gov/publications/tech_reports/doe-sc-arm-tr-066.1.pdf,True,https://www.arm.gov/publications/tech_reports/doe-sc-arm-tr-066.1.pdf,,15,15.0,1,sgp,sgpaeriprof3feltzC1.c1,sgp,C1,c1,2007-01-01,2025-06-28,True,False,219,,,,,,,,,,,,,,
aeros-model,Model-Derived Aerosol Properties,Aerosols; Derived Quantities and Models,,False,iop,False,,,,False,,,0,,0,,,,,,,,,False,162,,,,,,,,,,,,,,
aerosmassspec,Aerosol Mass Spectrometer,Aerosols; Airborne Observations; Atmospheric Carbon,,False,iop,False,,,https://www.arm.gov/publications/tech_reports/handbooks/doe-sc-arm-tr-256.pdf,True,https://www.arm.gov/publications/tech_reports/handbooks/doe-sc-arm-tr-256.pdf,,0,,0,,,,,,,,,False,0,,,,,,,,,,,,,,
aerosol-tower-eml,EML Tower based Aerosol Measurements,Aerosols,,False,iop,False,,,,False,,,0,,0,,,,,,,,,False,0,,,,,,,,,,,,,,
aerosolbe,Aerosol Best Estimate,Aerosols,Aerosol extinction; Aerosol optical depth; Aerosol optical properties,False,armderiv; evalderiv,False,2001-01-01,2021-04-30,https://www.arm.gov/publications/tech_reports/doe-sc-arm-tr-115.pdf,True,https://www.arm.gov/publications/tech_reports/doe-sc-arm-tr-115.pdf,,3,2.0,2,"nsa,sgp",sgpaerosolbe1turnC1.c1,sgp,C1,c1,2001-01-01,2021-04-30,True,False,304,,,,,,,,,,,,,,
aerostg,Suite of aerosol and trace gas instruments,Aerosols; Atmospheric Carbon,,False,iop,False,,,,False,,,0,,0,,,,,,,,,False,133,,,,,,,,,,,,,,
aeth,Aethalometer,Aerosols,Aerosol absorption; Black carbon concentration,True,armobs; extobs; iop,True,2012-06-29,2026-09-23,https://www.arm.gov/publications/tech_reports/handbooks/aeth_handbook.pdf,True,https://www.arm.gov/publications/tech_reports/handbooks/aeth_handbook.pdf,https://www.arm.gov/publications/tech_reports/handbooks/aeth_handbook.pdf,37,31.0,12,"anx,asi,cor,crg,dst,epc,guc,hou,mao,nsa,pvc,tmp",dstaosaeth2spot1mM1.b1,epc,M1,b1,2023-02-15,2024-02-14,True,True,392,arm-instrument-aeth,dstaosaeth2spot1mM1.b1.20260919.000030.nc,2026-09-23,AJ Sedlacek,DOE/SC-ARM-TR-156,April 2016,36.0,12.0,,True,,,,
aimms20-air,Aircraft Integrated Meteorological Measurement System aboard aircraft,Airborne Observations,Atmospheric pressure; Horizontal wind; Navigation variables; Vertical velocity,True,armobs,True,2023-03-06,2026-09-13,https://www.arm.gov/publications/tech_reports/handbooks/doe-sc-arm-tr-260.pdf,True,https://www.arm.gov/publications/tech_reports/handbooks/doe-sc-arm-tr-260.pdf,,4,4.0,2,"bnf,sgp",bnfaafnavaims100hzU2.a1,bnf,U2,a1,2024-07-29,2026-09-13,True,True,105,arm-instrument-aimms20-air,bnfaafnavaims100hzU2.a1.20260911.144211.nc,2026-09-23,A Matthews; L Goldberger,DOE/SC-ARM-TR-260,November 2020,13.0,4.0,"gps,gustprobe-air,met-air",True,,,,
aip,Aerosol Intensive Properties,Aerosols,Aerosol absorption; Aerosol backscattered radiation; Aerosol optical properties; Aerosol scattering; Hygroscopic growth,False,armderiv; extderiv,False,1996-07-02,2017-03-30,https://www.arm.gov/publications/tech_reports/doe-sc-arm-tr-201.pdf,True,https://www.arm.gov/publications/tech_reports/doe-sc-arm-tr-201.pdf,,60,60.0,10,"fkb,grw,hfe,mao,nim,nsa,pgh,pvc,pye,sgp",sgpaipavg1ogrenC1.c1,sgp,C1,c1,1996-07-02,2017-03-30,True,False,315,,,,,,,,,,,,,,
aircraftcabin,"Aircraft Cabin Parameters (e.g. attitude, motion, ambient state)",Airborne Observations,,False,iop,False,,,,False,,,0,,0,,,,,,,,,False,0,,,,,,,,,,,,,,
airorigin,Determination of airmass origin,Other; Surface Meteorology,Flag to determine atmospheric state,False,extobs,False,2024-04-30,2025-11-04,,False,,,2,1.0,1,kcg,kcgbaselineX30.a1,kcg,X30,a1,2024-04-30,2025-11-04,True,False,153,,,,,,,,,,,,,,
amc,Ameriflux Measurement Component,Radiometric; Surface/Subsurface Properties,Photosynthetically Active Radiation; Soil moisture; Soil temperature,True,armobs,False,2012-08-08,2024-11-22,https://www.arm.gov/publications/tech_reports/handbooks/amc_handbook.pdf,True,https://www.arm.gov/publications/tech_reports/handbooks/amc_handbook.pdf,https://www.arm.gov/publications/tech_reports/handbooks/amc_handbook.pdf,3,3.0,3,"nsa,oli,sgp",nsaamcC1.b1,sgp,E39,b1,2016-04-04,2023-09-29,True,True,297,arm-instrument-amc,nsaamcC1.b1.20241119.000000.nc,2026-09-23,K Reichl; S Biraud; A Moyes,DOE/SC-ARM-TR-143,April 2026,14.0,7.0,,True,,,,
amcmethane,Ameriflux and Methane VAP,Atmospheric Carbon; Surface/Subsurface Properties,,False,evalderiv,False,2019-03-04,2019-03-05,,False,,,2,,2,"nsa,oli",,,,,,,,False,0,,,,,,,,,,,,,,
amsu-b-noaa,NOAA Advanced Microwave Sounding Unit-B,Derived Quantities and Models,,False,iop,False,,,,False,,,0,,0,,,,,,,,,False,0,,,,,,,,,,,,,,
anemometer,Anemometer,Surface Meteorology,,False,iop,False,,,,False,,,0,,0,,,,,,,,,False,0,,,,,,,,,,,,,,
aod,"Aerosol Optical Depth, derived from atmospheric extinction of solar irradiance",Aerosols,Aerosol optical depth; Shortwave spectral diffuse downwelling irradiance; Shortwave spectral direct normal irradiance,False,armderiv; extderiv; iop,False,2011-03-22,2024-02-14,https://www.arm.gov/publications/tech_reports/doe-sc-arm-tr-133.pdf,True,https://www.arm.gov/publications/tech_reports/doe-sc-arm-tr-133.pdf,,11,10.0,6,"epc,gec,hou,mao,pvc,sgp",sgpsashevisaodC1.c1,sgp,C1,c1,2011-03-22,2019-07-27,True,False,1131,,,,,,,,,,,,,,
aod-flynn,"Aerosol Optical Depth, derived from MFRSR corrected for forward-scattering",Aerosols,,False,armderiv,False,2008-03-05,2008-03-05,,False,,,1,1.0,1,nim,nimmfrsraod5chcorM1.c1,nim,M1,c1,2008-03-05,2008-03-05,True,False,196,,,,,,,,,,,,,,
aod-mfrsr,Aerosol Optical Depth (AOD) derived from MFRSR measurements,Aerosols; Radiometric,Aerosol optical depth; Aerosol optical properties; Ozone Column Abundance; Shortwave narrowband diffuse downwelling irradiance; Shortwave narrowband direct downwelling irradiance; Shortwave narrowband direct normal irradiance,False,armderiv,True,1997-01-09,2026-09-23,https://www.arm.gov/publications/tech_reports/doe-sc-arm-tr-129.pdf,True,https://www.arm.gov/publications/tech_reports/doe-sc-arm-tr-129.pdf,,227,169.0,24,"asi,bnf,cor,crg,ena,epc,fkb,gan,grw,guc,hfe,hou",bnfmfrsr7nchcalS40.c1,bnf,S40,c1,2024-08-26,2026-09-22,True,False,432,,,,,,,,,,,,,,
aod-nimfr,Aerosol Optical Depth (AOD) derived from NIMFR measurements ,Aerosols; Derived Quantities and Models; Radiometric,Aerosol optical depth; Aerosol optical properties; Ozone Column Abundance; Shortwave narrowband diffuse downwelling irradiance; Shortwave narrowband direct downwelling irradiance; Shortwave narrowband direct normal irradiance,False,armderiv,True,1998-04-28,2026-09-22,https://www.arm.gov/publications/tech_reports/doe-sc-arm-tr-129.pdf,True,https://www.arm.gov/publications/tech_reports/doe-sc-arm-tr-129.pdf,,8,8.0,2,"nsa,sgp",sgpnimfr7nchaod1michC1.c1,sgp,C1,c1,2021-09-23,2026-09-21,True,False,347,,,,,,,,,,,,,,
aod-nimfr-metric,Aerosol Optical Depth (AOD) data metrics derived from NIMFR measurements,Aerosols,,False,armderiv,False,2008-01-01,2008-12-31,,False,,,3,3.0,1,nsa,nsanimfraodmetrichrC1.c1,nsa,C1,c1,2008-01-01,2008-12-31,True,False,0,,,,,,,,,,,,,,
aodbe,Aerosol Optical Depth Best Estimate,Aerosols,Aerosol optical depth,False,armderiv,False,1997-01-16,2025-06-09,https://www.arm.gov/publications/tech_reports/doe-sc-arm-tr-247.pdf,True,https://www.arm.gov/publications/tech_reports/doe-sc-arm-tr-247.pdf,,7,7.0,5,"ena,epc,hou,nsa,sgp",sgpaodbe5chC1.c1,sgp,C1,c1,1997-01-16,2024-12-07,True,False,615,,,,,,,,,,,,,,
aop,Aerosol Optical Properties,Aerosols,Aerosol absorption; Aerosol backscattered radiation; Aerosol optical properties; Aerosol scattering,False,armderiv; extderiv,True,2011-01-21,2026-09-23,https://www.arm.gov/publications/tech_reports/doe-sc-arm-tr-211.pdf,True,https://www.arm.gov/publications/tech_reports/doe-sc-arm-tr-211.pdf,,65,58.0,19,"anx,asi,awr,bnf,cor,crg,dst,ena,epc,guc,hou,mao",bnfaoppsap1flynn1mM1.c1,bnf,M1,c1,2024-09-17,2026-09-22,True,False,1579,,,,,,,,,,,,,,
aos,Aerosol Observing System,Aerosols,Aerosol absorption; Aerosol backscattered radiation; Aerosol particle size; Aerosol scattering; Backscattered radiation; Cloud condensation nuclei,True,armobs; extobs; iop,True,1995-11-03,2026-09-22,https://www.arm.gov/publications/tech_reports/handbooks/aos_handbook.pdf,True,https://www.arm.gov/publications/tech_reports/handbooks/doe-sc-arm-tr-343.pdf,https://www.arm.gov/publications/tech_reports/handbooks/aos_handbook.pdf,108,101.0,28,"acx,anx,asi,awr,bnf,cor,crg,dst,ena,epc,fkb,grw",sgpnoaaaosavgC1.b1,bnf,M1,b1,2024-10-01,2026-09-22,True,True,1559,arm-instrument-aos,sgpnoaaaosavgC1.b1.20170328.000000.nc,2026-09-23,A. Jefferson,,,32.0,1.0,,True,,,,
aosccnavg,"Aerosol Observing System (AOS): cloud condensation nuclei data, averaged",Aerosols,Aerosol concentration; Cloud condensation nuclei; Particle number concentration,False,armderiv,False,2007-05-19,2014-11-05,,False,,,8,8.0,5,"grw,mao,pgh,pvc,sgp",sgpaosccnavgC1.c1,sgp,C1,c1,2007-05-19,2014-11-05,True,False,1512,,,,,,,,,,,,,,
aosmet,Meteorological Measurements associated with the Aerosol Observing System,Surface Meteorology,Atmospheric moisture; Atmospheric pressure; Atmospheric temperature; Horizontal wind; Precipitation,True,armobs; iop,True,2010-10-03,2026-09-23,https://www.arm.gov/publications/tech_reports/handbooks/aosmet_handbook.pdf,True,https://www.arm.gov/publications/tech_reports/handbooks/doe-sc-arm-tr-184.pdf,https://www.arm.gov/publications/tech_reports/handbooks/aosmet_handbook.pdf,30,27.0,22,"acx,anx,asi,awr,bnf,cor,crg,dst,ena,epc,guc,hou",enaaosmetC1.a1,bnf,M1,a1,2024-10-02,2026-09-22,True,True,288,arm-instrument-aosmet,enaaosmetC1.a1.20260919.000000.nc,2026-09-23,J Kyrouac,DOE/SC-ARM-TR-184,April 2016,15.0,6.0,,True,,,,
aossp2bc,Aerosol Observing System Single Particle Soot Photometer Black Carbon,Aerosols; Atmospheric Carbon,Aerosol particle size distribution; Black carbon concentration,False,armderiv,False,2014-02-17,2019-04-29,,False,,,3,2.0,3,"cor,mao,mos",coraossp2rbc1mM1.c1,cor,M1,c1,2018-09-30,2019-04-29,True,False,228,,,,,,,,,,,,,,
aot,Aerosol Optical Thickness,Aerosols,,False,iop,False,,,,False,,,0,,0,,,,,,,,,False,0,,,,,,,,,,,,,,
aps,Aerodynamic Particle Sizer,Aerosols,Aerosol concentration; Aerosol particle size; Aerosol particle size distribution,True,armobs; iop,True,2016-04-01,2026-09-23,https://www.arm.gov/publications/tech_reports/handbooks/doe-sc-arm-tr-343.pdf,True,https://www.arm.gov/publications/tech_reports/handbooks/doe-sc-arm-tr-343.pdf,,26,12.0,10,"bnf,cor,crg,dst,ena,epc,hou,kcg,nsa,sgp",enaaosapsC1.b1,sgp,E13,b1,2016-11-15,2026-08-31,True,True,380,arm-instrument-aps,enaaosapsC1.b1.20260919.000000.nc,2026-09-23,A Singh; D Campos; T Subba,DOE/SC-ARM-TR-343,August 2026,28.0,16.0,opc,True,,,,
apscpcmet,"Combined Data from APS, CPC, and MET instruments",Aerosols; Surface Meteorology,,False,iop,False,,,,False,,,0,,0,,,,,,,,,False,72,,,,,,,,,,,,,,
ara-dimona,Airborne Research Australia Dimona Aircraft Laser Altimeter and Fluxes,Airborne Observations,,False,iop,False,,,,False,,,0,,0,,,,,,,,,False,0,,,,,,,,,,,,,,
arealavealb,Areal-Averaged Surface Albedo,Surface/Subsurface Properties,Cloud optical depth; Surface albedo,False,armderiv; evalderiv,False,2004-01-01,2024-02-14,https://www.arm.gov/publications/tech_reports/doe-sc-arm-tr-309.pdf,True,https://www.arm.gov/publications/tech_reports/doe-sc-arm-tr-309.pdf,,5,4.0,4,"ena,epc,guc,sgp",sgparealavealbC1.c1,sgp,C1,c1,2004-01-01,2022-06-28,True,False,1804,,,,,,,,,,,,,,
armbe,ARM Best Estimate Data Products,Atmospheric Profiling; Cloud Properties; Radiometric; Satellite Observations; Surface/Subsurface Properties,Atmospheric moisture; Atmospheric pressure; Atmospheric temperature; Atmospheric turbulence; Carbon dioxide (CO2) concentration; Carbon dioxide (CO2) flux,False,armderiv; evalderiv,False,1994-01-01,2024-12-31,,False,,,38,38.0,14,"anx,awr,cor,ena,epc,guc,hou,mao,mos,nim,nsa,oli",sgparmbecldradhiresC1.c1,sgp,C1,c1,2023-01-01,2024-12-31,True,False,149,,,,,,,,,,,,,,
armbe2dgrid,2D Gridded Surface Data Set,Cloud Properties; Radiometric; Satellite Observations; Surface Meteorology; Surface/Subsurface Properties,Atmospheric moisture; Atmospheric pressure; Atmospheric temperature; Cloud fraction; Cloud size; Cloud top height,False,extderiv,False,2004-01-01,2015-12-31,https://www.arm.gov/publications/tech_reports/doe-sc-arm-tr-152.pdf,True,https://www.arm.gov/publications/tech_reports/doe-sc-arm-tr-152.pdf,,1,1.0,1,sgp,sgparmbe2dgridX1.c1,sgp,X1,c1,2004-01-01,2015-12-31,True,False,698,,,,,,,,,,,,,,
armbestns,Station-based Surface Products,Cloud Properties; Radiometric; Surface Meteorology; Surface/Subsurface Properties,Atmospheric moisture; Atmospheric pressure; Atmospheric temperature; Horizontal wind; Latent heat flux; Liquid water path,False,extderiv,False,2004-01-01,2015-12-31,https://www.arm.gov/publications/tech_reports/doe-sc-arm-tr-151.pdf,True,https://www.arm.gov/publications/tech_reports/doe-sc-arm-tr-151.pdf,,1,1.0,1,sgp,sgparmbestnsX1.c1,sgp,X1,c1,2004-01-01,2015-12-31,True,False,847,,,,,,,,,,,,,,
armlagtraj,Lagrangian large-scale forcing data following a trajectory ,Atmospheric Profiling,Atmospheric moisture; Atmospheric temperature; Horizontal wind; Vertical velocity,False,evalderiv,False,2012-09-20,2020-01-31,https://www.arm.gov/publications/tech_reports/DOE-SC-ARM-TR-306.pdf,True,https://www.arm.gov/publications/tech_reports/DOE-SC-ARM-TR-306.pdf,,4,3.0,2,"mag,mos",mos60armlagtrajecmwfM1.c1,mos,M1,c1,2019-11-01,2020-01-31,True,False,230,,,,,,,,,,,,,,
armtraj,Airmass trajectories to support studies using ARM data,Atmospheric Profiling,Atmospheric moisture; Atmospheric pressure; Atmospheric temperature; Planetary boundary layer height; Vertical velocity; mapped location,False,armderiv; evalderiv,True,2013-10-01,2026-09-13,https://www.arm.gov/publications/tech_reports/doe-sc-arm-tr-314.pdf,True,https://www.arm.gov/publications/tech_reports/doe-sc-arm-tr-314.pdf,,59,50.0,14,"asi,bnf,cor,crg,dst,ena,epc,guc,hou,kcg,mao,nsa",sgparmtrajarsclC1.c1,sgp,C1,c1,2014-01-01,2026-06-29,True,False,669,,,,,,,,,,,,,,
armtraj-air,Airmass trajectories to support studies using ARM Aerial Facility (AAF) data.  ,Airborne Observations; Atmospheric Profiling,Atmospheric moisture; Atmospheric pressure; Atmospheric temperature; Planetary boundary layer height; Vertical velocity; mapped location,False,armderiv; evalderiv,True,2013-10-01,2026-09-10,https://www.arm.gov/publications/tech_reports/doe-sc-arm-tr-314.pdf,True,https://www.arm.gov/publications/tech_reports/doe-sc-arm-tr-314.pdf,,13,12.0,8,"bnf,cor,crg,guc,hou,mao,oli,sgp",bnfarmtrajtbsM1.c1,bnf,M1,c1,2025-03-21,2026-07-26,True,False,371,,,,,,,,,,,,,,
arscl,Active Remote Sensing of CLouds,Cloud Properties,Cloud base height; Cloud fraction; Cloud location; Radar Doppler; Radar reflectivity; Vertical velocity,False,armderiv; extderiv,False,1996-11-07,2011-03-23,https://www.arm.gov/publications/tech_reports/arm-vap-002-1.pdf,True,https://www.arm.gov/publications/tech_reports/arm-vap-002-1.pdf,,27,27.0,3,"nsa,sgp,twp",sgparsclcbh1clothC1.c1,sgp,C1,c1,1996-11-08,2011-01-04,True,False,438,,,,,,,,,,,,,,
asd,Analytical Spectral Devices Field Spectroradiometer,Radiometric,,False,iop,False,,,,False,,,0,,0,,,,,,,,,False,0,,,,,,,,,,,,,,
asdbe-air,Aerosol Size Distribution Best Estimate from sensors aboard aircraft,Aerosols; Airborne Observations,Aerosol particle size distribution,True,armderiv; armobs; evalderiv; iop,False,2016-04-25,2023-08-15,,False,,,5,3.0,3,"cor,ena,sgp",sgpaafmergedaerosolsdF1.c1,sgp,F1,c1,2016-04-25,2016-09-22,True,False,501,,,,,,,,,,,,,,
asi,All Sky Imager,Cloud Properties,Cloud fraction; Cloud location,True,armobs,True,2021-04-22,2026-09-23,,False,,,58,47.0,7,"bnf,crg,dst,ena,kcg,nsa,sgp",sgpasiskycoverC1.b1,sgp,C1,b1,2023-04-14,2026-09-07,True,False,381,,,,,,,,,,,,,,
assist,Atmospheric Sounder Spectrometer for Infrared Spectral Technology,Radiometric,Longwave spectral brightness temperature; Longwave spectral radiance,True,armobs; iop,False,2012-12-07,2018-09-24,https://www.arm.gov/publications/tech_reports/handbooks/assist_handbook.pdf,True,https://www.arm.gov/publications/tech_reports/handbooks/assist_handbook.pdf,https://www.arm.gov/publications/tech_reports/handbooks/assist_handbook.pdf,14,14.0,3,"mag,sgp,tmp",magassistsummaryM1.b1,mag,M1,b1,2012-12-07,2012-12-07,False,True,106,arm-instrument-assist,magassistsummaryM1.b1.20121207.000547.cdf,2026-09-23,C Flynn,DOE/SC-ARM-TR-174,March 2016,22.0,20.0,,True,,,,
asti,Absolute Solar Transmittance Interferometer,Radiometric,,False,iop,False,,,https://www.arm.gov/publications/tech_reports/handbooks/asti_handbook.pdf,True,https://www.arm.gov/publications/tech_reports/handbooks/asti_handbook.pdf,https://www.arm.gov/publications/tech_reports/handbooks/asti_handbook.pdf,0,,0,,,,,,,,,False,0,,,,,,,,,,,,,,
avhrr,Advanced Very High Resolution Radiometer,Satellite Observations,Longwave narrowband brightness temperature; Longwave narrowband radiance; Radar Doppler; Shortwave narrowband radiance,False,extobs,False,1994-07-21,2009-06-05,,False,,,87,87.0,4,"nsa,sgp,shb,twp",sgpavhrr12radX1.a1,sgp,X1,a1,1994-07-22,2007-08-09,False,False,109,,,,,,,,,,,,,,
backtrajectory,Back Trajectory Analysis,Atmospheric Profiling,,False,iop,False,,,,False,,,0,,0,,,,,,,,,False,249,,,,,,,,,,,,,,
baebbr,Best-Estimate Fluxes From EBBR Measurements and Bulk Aerodynamics Calculations,Derived Quantities and Models; Surface/Subsurface Properties,Latent heat flux; Net broadband total irradiance; Sensible heat flux; Soil heat flux,False,armderiv,False,1993-07-04,2024-12-04,,False,,,44,44.0,1,sgp,sgp30baebbrE32.c1,sgp,E32,c1,2011-09-28,2024-12-04,True,False,255,,,,,,,,,,,,,,
bbhrp,Broadband Heating Rate Profile,Radiometric,Longwave broadband downwelling irradiance; Longwave broadband net irradiance; Longwave broadband upwelling irradiance; Radiative heating rate; Shortwave broadband diffuse downwelling irradiance; Shortwave broadband direct downwelling irradiance,False,armderiv; evalderiv,False,2000-03-01,2011-06-05,,False,,,4,4.0,1,sgp,sgp1bbhrpripbe1mcfarlaneC1.c1,sgp,C1,c1,2002-03-01,2011-06-05,True,False,663,,,,,,,,,,,,,,
bbradrec,Passive broadband radio frequency receiver,Radiometric,,False,iop,False,,,,False,,,0,,0,,,,,,,,,False,190,,,,,,,,,,,,,,
beflux,Best-Estimate Radiative Flux,Radiometric,Longwave broadband downwelling irradiance; Longwave broadband upwelling irradiance; Net broadband total irradiance; Shortwave broadband diffuse downwelling irradiance; Shortwave broadband direct normal irradiance; Shortwave broadband total downwelling irradiance,False,armderiv,True,1995-05-19,2026-09-22,https://www.arm.gov/publications/tech_reports/arm-tr-008.pdf,True,https://www.arm.gov/publications/tech_reports/arm-tr-008.pdf,,2,2.0,1,sgp,sgpqcflux1longC1.c1,sgp,C1,c1,1997-03-21,2026-09-22,True,False,225,,,,,,,,,,,,,,
blc,Belfort Laser Ceilometer,Cloud Properties,Cloud base height,True,armobs,False,1994-08-11,2000-05-23,https://www.arm.gov/publications/tech_reports/handbooks/blc_handbook.pdf,True,,https://www.arm.gov/publications/tech_reports/handbooks/blc_handbook.pdf,2,2.0,1,sgp,sgpblcprofC1.a1,sgp,C1,a1,1996-11-01,2000-05-23,False,True,329,arm-instrument-blc,sgpblcprofC1.a1.20000520.000000.cdf,2026-09-23,C. Flynn,ARM TR-040,January 2005,23.0,17.0,,True,,,,
brs,Broadband Radiometer Station,Radiometric,Longwave broadband downwelling irradiance; Longwave broadband upwelling irradiance; Shortwave broadband diffuse downwelling irradiance; Shortwave broadband direct normal irradiance; Shortwave broadband total downwelling irradiance; Shortwave broadband total upwelling irradiance,True,armobs,True,2001-03-05,2026-09-22,https://www.arm.gov/publications/tech_reports/handbooks/sirs_handbook.pdf,True,https://www.arm.gov/publications/tech_reports/handbooks/sirs_handbook.pdf,,6,5.0,1,sgp,sgpbrs60sC1.b1,sgp,C1,b1,2026-01-21,2026-09-22,True,True,192,arm-instrument-brs,sgpbrs60sC1.b1.20260919.000000.nc,2026-09-23,A Andreas; M Dooraghi; A Habte; M Kutchenreiter; I Reda; M Sengupta,DOE/SC-ARM-TR-025,,58.0,17.0,sirs,True,,,,
bsrn,Baseline Solar Radiation Network,Radiometric,Longwave broadband downwelling irradiance; Shortwave broadband diffuse downwelling irradiance; Shortwave broadband direct normal irradiance; Shortwave broadband total downwelling irradiance,True,armobs,False,1993-01-07,2001-01-22,,False,,,2,2.0,1,sgp,sgpbsrnC1.a1,sgp,C1,a1,1993-01-07,2001-01-22,False,False,128,,,,,,,,,,,,,,
bsrncalc,Baseline Solar Radiation Network (BSRN): calculated solar irradiances,Radiometric,Shortwave broadband diffuse downwelling irradiance; Shortwave broadband direct normal irradiance; Shortwave broadband total downwelling irradiance,False,armderiv,False,1993-10-09,1994-08-13,,False,,,1,1.0,1,sgp,sgpbsrncalcC1.c1,sgp,C1,c1,1993-10-09,1994-08-13,True,False,139,,,,,,,,,,,,,,
cadenza,NASA-Ames Cadenza Cavity Ring-Down Instrument,Aerosols,,False,iop,False,,,,False,,,0,,0,,,,,,,,,False,0,,,,,,,,,,,,,,
cam-air,Video camera aboard aircraft,Airborne Observations,Instrument monitoring non-geophysical variables,True,armobs; iop,False,2018-11-04,2018-12-08,https://www.arm.gov/publications/tech_reports/handbooks/doe-sc-arm-tr-231.pdf,True,https://www.arm.gov/publications/tech_reports/handbooks/doe-sc-arm-tr-231.pdf,,1,1.0,1,cor,coraafcammovieF1.a1,cor,F1,a1,2018-11-04,2018-12-08,True,True,89,arm-instrument-cam-air,,,A Matthews,DOE/SC-ARM-TR-231,October 2019,15.0,7.0,,False,the only datastream with data serves aircraft video averaging 8677 MB per file,,,
caminst,camera that monitors an instrument,Other; Radiometric,Instrument monitoring non-geophysical variables,True,armobs; iop,True,2019-09-06,2026-09-22,,False,,,59,58.0,9,"anx,bnf,crg,dst,guc,kcg,nsa,oli,sgp",bnfcammwr3cmovieM1.a1,bnf,M1,a1,2025-07-22,2026-09-22,True,False,100,,,,,,,,,,,,,,
camsite,camera that monitors a site area,Other; Surface/Subsurface Properties,Instrument monitoring non-geophysical variables,True,armobs; iop,True,2001-06-20,2026-09-23,,False,,,114,93.0,18,"anx,bnf,crg,dst,ena,epc,fkb,grw,guc,hou,kcg,mar",bnfcamsouthwest4mmovieS10.a1,bnf,S10,a1,2025-06-04,2026-02-25,True,False,219,,,,,,,,,,,,,,
camspec-air,Camera aboard an aircraft capturing thermal and multispectral imagery,Airborne Observations,,True,armobs; iop,False,2021-06-16,2026-09-23,https://www.arm.gov/publications/tech_reports/handbooks/doe-sc-arm-tr-281.pdf,True,https://www.arm.gov/publications/tech_reports/handbooks/doe-sc-arm-tr-281.pdf,,4,,2,"bnf,sgp",,,,,,,,False,402,,,,,,,,,,,,,,
capecin,Convective Available Potential Energy and Convective INhibition,Derived Quantities and Models,,False,iop,False,,,,False,,,0,,0,,,,,,,,,False,0,,,,,,,,,,,,,,
caps-pmex,Cavity Attenuated Phase Shift Extinction Monitor,Aerosols,Aerosol extinction,True,armobs,True,2014-02-18,2026-09-23,https://www.arm.gov/publications/tech_reports/handbooks/caps-pmex_handbook.pdf,True,https://www.arm.gov/publications/tech_reports/handbooks/caps-pmex_handbook.pdf,https://www.arm.gov/publications/tech_reports/handbooks/caps-pmex_handbook.pdf,17,15.0,4,"bnf,ena,oli,sgp",enaaoscaps3wC1.b1,sgp,E13,b1,2016-11-15,2025-06-15,True,True,238,arm-instrument-caps-pmex,enaaoscaps3wC1.b1.20250929.000000.nc,2026-09-23,AJ Sedlacek; S Smith,DOE/SC-ARM-TR-155,May 2025,23.0,12.0,,True,,,,
caps-pmex-air,Cavity Attenuated Phase Shift Extinction Monitor aboard aircraft,Aerosols; Airborne Observations,,False,iop,False,,,,False,,,0,,0,,,,,,,,,False,0,,,,,,,,,,,,,,
caps-ssa,Cavity Attenuated Phase Shift Single Scattering Albedo Monitor ,Aerosols,,False,iop,False,,,,False,,,0,,0,,,,,,,,,False,311,,,,,,,,,,,,,,
carbonflask,Quality-Controlled Flask Sampler for Carbon/Isotopes/Trace gases,Airborne Observations; Atmospheric Carbon; Derived Quantities and Models,Carbon dioxide (CO2) concentration; Carbon monoxide (CO) Concentration; Isotope ratio; Methane concentration; Nitrogen oxides; Trace gas concentration,False,armderiv,False,2013-12-16,2013-12-16,,False,,,1,1.0,1,sgp,sgpcarbonflasksC1.c1,sgp,C1,c1,2013-12-16,2013-12-16,True,False,342,,,,,,,,,,,,,,
cas-air,Cloud and Aerosol Spectrometer aboard aircraft,Aerosols; Airborne Observations; Cloud Properties,Cloud particle size distribution,True,armobs; iop,False,2017-03-08,2026-09-23,https://www.arm.gov/publications/tech_reports/handbooks/doe-sc-arm-tr-246.pdf,True,https://www.arm.gov/publications/tech_reports/handbooks/doe-sc-arm-tr-246.pdf,,8,4.0,3,"cor,ena,sgp",enaaafcasF1.b1,ena,F1,b1,2017-06-21,2018-02-19,True,True,123,arm-instrument-cas-air,enaaafcasF1.b1.20180218.122850.nc,2026-09-23,L Goldberger,DOE/SC-ARM-TR-246,June 2020,20.0,12.0,cip-air,True,,,,
cavity,Absolute Cavity Radiometer,Aerosols; Radiometric,,False,iop,False,,,,False,,,0,,0,,,,,,,,,False,0,,,,,,,,,,,,,,
ccn,Cloud Condensation Nuclei Particle Counter,Aerosols,Aerosol concentration; Cloud condensation nuclei,True,armobs; extobs; iop,True,2005-03-04,2026-09-23,https://www.arm.gov/publications/tech_reports/handbooks/ccn_handbook.pdf,True,https://www.arm.gov/publications/tech_reports/handbooks/ccn_handbook.pdf,https://www.arm.gov/publications/tech_reports/handbooks/ccn_handbook.pdf,145,123.0,29,"acx,anx,asi,awr,bnf,cor,crg,dst,ena,epc,fkb,grw",sgpaosccn1colspectraC1.b1,bnf,M1,b1,2026-03-04,2026-06-16,True,True,275,arm-instrument-ccn,sgpaosccn1colspectraC1.b1.20170813.000300.nc,2026-09-23,J Uin; OY Enekwizu,DOE/SC-ARM-TR-168,April 2024,15.0,12.0,,True,,,,
ccn-air,Cloud Condensation Nuclei Particle Counter aboard Aircraft,Aerosols; Airborne Observations,Cloud condensation nuclei; Navigation variables,True,armobs; iop,False,2013-07-10,2026-09-23,https://www.arm.gov/publications/tech_reports/handbooks/doe-sc-arm-tr-225.pdf,True,https://www.arm.gov/publications/tech_reports/handbooks/doe-sc-arm-tr-225.pdf,,19,18.0,7,"acx,cor,ena,mao,oli,osc,sgp",sgpaafccn2colbF1.b1,sgp,F1,b1,2016-03-25,2016-09-22,True,True,137,arm-instrument-ccn-air,sgpaafccn2colbF1.b1.20160921.163352.nc,2026-09-23,J Uin; F Mei,DOE/SC-ARM-TR-225,September 2019,18.0,14.0,,True,,,,
ccnkappa,CCN Counter derived hygroscopicity parameter kappa,Aerosols; Derived Quantities and Models,Aerosol concentration; Aerosol particle size; Aerosol particle size distribution; Cloud condensation nuclei; Hygroscopic growth,False,armderiv; evalderiv,True,2016-05-20,2026-09-22,https://www.arm.gov/publications/tech_reports/doe-sc-arm-tr-272.pdf,True,https://www.arm.gov/publications/tech_reports/doe-sc-arm-tr-272.pdf,,14,13.0,12,"anx,asi,bnf,cor,crg,dst,ena,epc,guc,hou,mos,sgp",bnfaosccnsmpskappaM1.c1,bnf,M1,c1,2024-11-25,2026-09-20,True,False,286,,,,,,,,,,,,,,
ccnprof,Cloud Condensation Nuclei Profile,Aerosols; Derived Quantities and Models,Cloud condensation nuclei,False,armderiv,False,2006-09-15,2014-06-24,https://www.arm.gov/publications/tech_reports/doe-sc-arm-tr-103.pdf,True,https://www.arm.gov/publications/tech_reports/doe-sc-arm-tr-103.pdf,,2,2.0,1,sgp,sgprlccnprof1ghanC1.c1,sgp,C1,c1,2006-09-15,2014-06-24,True,False,224,,,,,,,,,,,,,,
cdp-air,Cloud Droplet Probe aboard aircraft,Airborne Observations; Cloud Properties,Cloud particle number concentration; Cloud particle size distribution,True,armobs; iop,True,2015-06-01,2026-09-23,,False,,,5,3.0,3,"bnf,nsa,sgp",bnfaafcdpU2.b1,bnf,U2,b1,2024-07-29,2024-08-07,True,False,139,,,,,,,,,,,,,,
ceil,Ceilometer,Cloud Properties,Backscatter depolarization ratio; Backscattered radiation; Cloud base height; Lidar polarization,True,armobs; extobs; iop,True,1996-10-11,2026-09-23,https://www.arm.gov/publications/tech_reports/handbooks/ceil_handbook.pdf,True,https://www.arm.gov/publications/tech_reports/handbooks/ceil_handbook.pdf,https://www.arm.gov/publications/tech_reports/handbooks/ceil_handbook.pdf,96,87.0,34,"acx,anx,asi,awr,bnf,cor,crg,dst,ena,epc,fkb,gan",sgpceil10mC1.b1,bnf,S10,b1,2025-08-27,2026-09-21,True,True,444,arm-instrument-ceil,sgpceil10mC1.b1.20260918.000012.nc,2026-09-23,VR Morris,DOE/SC-ARM-TR-020,April 2016,26.0,16.0,,True,,,,
ceilpblht,Boundary-layer height data with CEIL,Atmospheric Profiling,Planetary boundary layer height,True,armobs,True,2011-06-09,2026-09-23,https://www.arm.gov/publications/tech_reports/handbooks/ceil_handbook.pdf,False,,,50,38.0,23,"acx,anx,asi,awr,bnf,cor,crg,dst,ena,epc,guc,hou",sgpceilpblhtC1.b1,bnf,S10,b1,2025-08-27,2026-09-21,True,False,119,arm-instrument-ceilpblht,sgpceilpblhtC1.b1.20260919.000000.nc,2026-09-24,VR Morris,DOE/SC-ARM-TR-020,April 2016,26,14,,True,,True,class-specific,
ceilshipcor,Ceilometer Corrected for Ship Motion,Cloud Properties,Backscattered radiation; Cloud base height,False,evalderiv,False,2012-09-24,2015-02-11,,False,,,2,2.0,2,"acx,mag",acxceilshipcorM1.c1,acx,M1,c1,2015-01-09,2015-02-11,True,False,170,,,,,,,,,,,,,,
cfdc,Continuous Flow Ice Thermal Diffusion Chamber,Aerosols; Airborne Observations; Cloud Properties,,False,iop,False,,,,False,,,0,,0,,,,,,,,,False,0,,,,,,,,,,,,,,
cfdc-air,Continuous Flow Ice Thermal Diffusion Chamber aboard aircraft,Aerosols; Airborne Observations; Cloud Properties,,False,iop,False,,,,False,,,0,,0,,,,,,,,,False,68,,,,,,,,,,,,,,
cfh,Cryogenic Frostpoint Hygrometer,Atmospheric Profiling,Atmospheric moisture; Atmospheric pressure; Atmospheric temperature; Horizontal wind,True,armobs,False,2014-09-11,2019-12-18,https://www.arm.gov/publications/tech_reports/handbooks/cfh_handbook.pdf,True,https://www.arm.gov/publications/tech_reports/handbooks/cfh_handbook.pdf,https://www.arm.gov/publications/tech_reports/handbooks/cfh_handbook.pdf,1,1.0,1,sgp,sgpcfhC1.b1,sgp,C1,b1,2014-09-11,2019-12-18,True,True,155,arm-instrument-cfh,sgpcfhC1.b1.20191218.162850.nc,2026-09-23,M Stuefer; T Gordon,DOE/SC-ARM-TR-210,March 2018,31.0,14.0,,True,,,,
cims,Chemical Ionization Mass Spectrometer,Aerosols,,False,iop,False,,,,False,,,0,,0,,,,,,,,,False,0,,,,,,,,,,,,,,
cip-air,Cloud Imaging Probe aboard aircraft,Airborne Observations; Cloud Properties,Cloud particle size distribution,True,armobs; iop,False,2017-03-08,2026-09-23,https://www.arm.gov/publications/tech_reports/handbooks/doe-sc-arm-tr-246.pdf,True,https://www.arm.gov/publications/tech_reports/handbooks/doe-sc-arm-tr-246.pdf,,7,4.0,3,"cor,ena,sgp",enaaafcipF1.b1,ena,F1,b1,2017-06-21,2018-02-19,True,True,301,arm-instrument-cip-air,enaaafcipF1.b1.20180218.122850.nc,2026-09-23,L Goldberger,DOE/SC-ARM-TR-246,June 2020,20.0,10.0,cas-air,True,,,,
cirpas,NPS CIRPAS Twin Otter Aircraft,Aerosols; Airborne Observations,,False,iop,False,,,,False,,,0,,0,,,,,,,,,False,0,,,,,,,,,,,,,,
citation,University of North Dakota Citation Aircraft,Airborne Observations; Cloud Properties,,False,iop,False,,,,False,,,0,,0,,,,,,,,,False,0,,,,,,,,,,,,,,
clap,Continuous Light Absorption Photometer,Aerosols,Aerosol absorption; Aerosol extinction; Aerosol optical properties,True,armderiv; armobs; extobs; iop,True,2011-03-01,2026-09-21,https://www.arm.gov/publications/tech_reports/handbooks/doe-sc-arm-tr-280.pdf,True,https://www.arm.gov/publications/tech_reports/handbooks/doe-sc-arm-tr-280.pdf,,16,14.0,6,"guc,mao,nsa,pgh,pvc,sgp",pvcaosclap3wM1.c1,pvc,M1,c1,2012-07-16,2013-06-24,True,True,303,arm-instrument-clap,pvcaosclap3wM1.c1.20130621.000000.cdf,2026-09-23,E Andrews,,,35.0,21.0,,True,,,,
cldclass,Cloud Classification,Cloud Properties,,False,evalderiv,False,1999-01-03,2001-12-31,,False,,,1,,1,sgp,,,,,,,,False,215,,,,,,,,,,,,,,
clddigcam,Cloud Digital Camera,Cloud Properties,,False,iop,False,,,,False,,,0,,0,,,,,,,,,False,101,,,,,,,,,,,,,,
cldmicroprop,Cloud Microphysical Properties,Cloud Properties; Derived Quantities and Models,,False,iop,False,,,,False,,,0,,0,,,,,,,,,False,290,,,,,,,,,,,,,,
cldprop,Cloud Property Retrieval Products,Cloud Properties,,False,iop,False,,,,False,,,0,,0,,,,,,,,,False,0,,,,,,,,,,,,,,
cldtype,Cloud Type Classification,Cloud Properties,Cloud base height; Cloud top height; Cloud type,False,armderiv; evalderiv,False,1996-11-08,2026-06-30,,False,https://www.arm.gov/publications/tech_reports/doe-sc-arm-tr-200.pdf ,,20,19.0,13,"anx,bnf,cor,crg,ena,epc,guc,hou,kcg,mos,nsa,sgp",bnfcldtypeM1.c1,bnf,M1,c1,2024-11-15,2026-06-30,True,False,182,,,,,,,,,,,,,,
cloudradarcor,"Cloud Radar (KAZR, KAZR2, or MWACR) Corrected VAP",Cloud Properties,Radar Doppler; Radar polarization; Radar reflectivity,False,armderiv; evalderiv,True,2018-09-23,2026-09-23,,False,,,47,43.0,13,"anx,bnf,cor,crg,ena,epc,guc,hou,kcg,mos,nsa,oli",nsakazrcfrcormdC1.c1,nsa,C1,c1,2020-01-01,2025-12-31,True,False,275,,,,,,,,,,,,,,
cm-cryo,Cryogenic Chilled Mirror Hygrometer,Airborne Observations; Atmospheric Profiling,,False,iop,False,,,,False,,,0,,0,,,,,,,,,False,0,,,,,,,,,,,,,,
cm-sonde,Chilled Mirror Sonde,Atmospheric Profiling,,False,iop,False,,,,False,,,0,,0,,,,,,,,,False,0,,,,,,,,,,,,,,
cm22-air-and-gnd,CM-22 Radiometer - Airborne and Ground Based,Airborne Observations; Radiometric,,False,iop,False,,,,False,,,0,,0,,,,,,,,,False,6,,,,,,,,,,,,,,
cm22-pmod-vent,Kipp & Zonen CM22-PMOD Vent,Radiometric,,False,iop,False,,,,False,,,0,,0,,,,,,,,,False,0,,,,,,,,,,,,,,
cmac,Corrected Radar Moments in Antenna Coordinates,Cloud Properties; Derived Quantities and Models,Precipitation; Radar Doppler; Radar polarization; Radar reflectivity,False,armderiv; evalderiv,False,2011-04-14,2011-09-30,,False,,,2,1.0,2,"sgp,twp",sgpcsaprsurcmacI7.c0,sgp,I7,c0,2011-04-14,2011-06-29,True,False,420,,,,,,,,,,,,,,
cmh,Chilled Mirror Hygrometer,Surface Meteorology,,False,iop,False,,,,False,,,0,,0,,,,,,,,,False,0,,,,,,,,,,,,,,
cmh-air,Chilled Mirror Hygrometer aboard aircraft,Airborne Observations; Atmospheric Profiling,Atmospheric moisture,True,armobs; iop,False,2016-04-25,2026-09-23,https://www.arm.gov/publications/tech_reports/handbooks/doe-sc-arm-tr-235.pdf,True,https://www.arm.gov/publications/tech_reports/handbooks/doe-sc-arm-tr-235.pdf,,7,6.0,4,"cor,ena,oli,sgp",sgpaafdewpointF1.b1,sgp,F1,b1,2016-04-25,2016-09-22,True,True,156,arm-instrument-cmh-air,sgpaafdewpointF1.b1.20160920.202752.nc,2026-09-23,L Goldberger,DOE/SC-ARM-TR-235,December 2019,18.0,8.0,,True,,,,
co,Carbon Monoxide Mixing Ratio System,Atmospheric Carbon,Carbon monoxide (CO) Concentration,True,armobs,False,2005-06-01,2011-12-31,https://www.arm.gov/publications/tech_reports/handbooks/co_handbook.pdf,True,https://www.arm.gov/publications/tech_reports/handbooks/co_handbook.pdf,https://www.arm.gov/publications/tech_reports/handbooks/co_handbook.pdf,1,1.0,1,sgp,sgpcoC1.b1,sgp,C1,b1,2005-06-01,2011-12-31,False,True,180,arm-instrument-co,sgpcoC1.b1.20111228.000232.cdf,2026-09-23,SC Biraud,DOE/SC-ARM/TR-072,February 2011,15.0,13.0,,True,,,,
co-air,Carbon Monoxide- Airborne,Airborne Observations; Atmospheric Carbon,Atmospheric moisture; Carbon monoxide (CO) Concentration; Nitrogen oxides,True,armderiv; armobs; iop,False,2013-07-01,2026-09-23,https://www.arm.gov/publications/tech_reports/handbooks/co_handbook.pdf,False,,,21,15.0,8,"acx,cor,ena,mao,nsa,oli,osc,sgp",sgpaafcoF1.c1,sgp,F1,c1,2016-04-25,2016-09-22,True,False,322,arm-instrument-co-air,sgpaafcoF1.c1.20160920.202755.nc,2026-09-24,SC Biraud,DOE/SC-ARM/TR-072,February 2011,15,11,,True,,True,parent-system-level,
co-analyzer,Carbon Monoxide Analyzer,Aerosols; Atmospheric Carbon,Atmospheric moisture; Carbon monoxide (CO) Concentration; Nitrogen oxides,True,armobs; iop,True,2012-06-24,2026-09-23,https://www.arm.gov/publications/tech_reports/handbooks/co-analyzer_handbook.pdf,True,https://www.arm.gov/publications/tech_reports/handbooks/co-analyzer_handbook.pdf,https://www.arm.gov/publications/tech_reports/handbooks/co-analyzer_handbook.pdf,35,33.0,16,"anx,asi,bnf,cor,crg,dst,ena,epc,guc,hou,mao,mar",enaaoscoC1.b1,bnf,M1,b1,2024-10-01,2026-09-22,True,True,142,arm-instrument-co-analyzer,enaaoscoC1.b1.20260919.000000.nc,2026-09-23,SR Springston; R Trojanowski; C Hayes,DOE/SC-ARM-TR-159,April 2025,25.0,19.0,,True,,,,
co-analyzer-air,Carbon Monoxide Analyzer - Airborne,Aerosols; Airborne Observations; Atmospheric Carbon,,False,iop,False,,,,False,,,0,,0,,,,,,,,,False,166,,,,,,,,,,,,,,
co2-air,Carbon Dioxide Analyzer System aboard aircraft,Airborne Observations; Atmospheric Carbon,,False,iop,False,,,,False,,,0,,0,,,,,,,,,False,124,,,,,,,,,,,,,,
co2analyzer,Carbon Dioxide Analyzer System,Atmospheric Carbon,,False,iop,False,,,,False,,,0,,0,,,,,,,,,False,101,,,,,,,,,,,,,,
co2flx,Carbon Dioxide Flux Measurement Systems,Atmospheric Carbon,Atmospheric moisture; Atmospheric pressure; Atmospheric temperature; Atmospheric turbulence; Carbon dioxide (CO2) concentration; Carbon dioxide (CO2) flux,True,armobs; iop,True,2001-01-01,2026-09-23,https://www.arm.gov/publications/tech_reports/handbooks/co2flx_handbook.pdf,True,,https://www.arm.gov/publications/tech_reports/handbooks/co2flx_handbook.pdf,49,31.0,2,"bnf,sgp",sgpco2flxwindC1.b1,sgp,C1,b1,2021-01-03,2026-09-20,True,True,142,arm-instrument-co2flx,sgpco2flxwindC1.b1.20260917.001500.nc,2026-09-23,WS Chan; SC Biraud,DOE/SC-ARM-TR-048,September 2022,46.0,14.0,,True,,,,
co2lidar,Carbon Dioxide Doppler Lidar,Cloud Properties,,False,iop,False,,,,False,,,0,,0,,,,,,,,,False,0,,,,,,,,,,,,,,
cogs,Clouds Optically Gridded by Stereo (COGS) product,Cloud Properties,Cloud base height; Cloud fraction; Cloud location,False,armderiv,False,2017-09-01,2019-10-27,https://www.arm.gov/publications/tech_reports/doe-sc-arm-tr-252.pdf,True,https://www.arm.gov/publications/tech_reports/doe-sc-arm-tr-252.pdf,,1,1.0,1,sgp,sgpcogsN1.c1,sgp,N1,c1,2017-09-01,2019-10-27,True,False,237,,,,,,,,,,,,,,
cpc,Condensation Particle Counter,Aerosols,Aerosol concentration,True,armobs; evalobs; extobs; iop,True,2010-10-14,2026-09-23,https://www.arm.gov/publications/tech_reports/handbooks/cpc_handbook.pdf,True,https://www.arm.gov/publications/tech_reports/handbooks/cpc_handbook.pdf,https://www.arm.gov/publications/tech_reports/handbooks/cpc_handbook.pdf,128,114.0,24,"acx,anx,asi,awr,bnf,cor,crg,dst,ena,epc,guc,hou",sgpaoscpcC1.b1,sgp,E13,b1,2017-06-29,2026-08-24,True,True,399,arm-instrument-cpc,sgpaoscpcC1.b1.20170926.000000.nc,2026-09-23,A Singh; C Kuang,DOE/SC-ARM-TR-145,April 2024,24.0,19.0,,True,,,,
cpc-air,Condensation particle counter aboard aircraft,Aerosols; Airborne Observations,Aerosol concentration; Aerosol particle size distribution; Navigation variables,True,armobs; iop,True,2013-06-24,2026-09-23,https://www.arm.gov/publications/tech_reports/handbooks/doe-sc-arm-tr-227.pdf,True,https://www.arm.gov/publications/tech_reports/handbooks/doe-sc-arm-tr-227.pdf,,51,44.0,9,"acx,bnf,cor,ena,mao,nsa,oli,osc,sgp",bnfaafmcpcU2.b1,bnf,U2,b1,2026-07-29,2026-09-13,True,True,393,arm-instrument-cpc-air,bnfaafmcpcU2.b1.20260911.144346.nc,2026-09-23,C Kuang; F Mei,DOE/SC-ARM-TR-227,September 2019,22.0,15.0,,True,,,,
cpi-air,Cloud Particle Imager aboard aircraft,Airborne Observations; Cloud Properties,,False,iop,False,,,,False,,,0,,0,,,,,,,,,False,75,,,,,,,,,,,,,,
cpol,C-Band Polarimetric Radar,Cloud Properties,,False,iop,False,,,,False,,,0,,0,,,,,,,,,False,0,,,,,,,,,,,,,,
cprecipradar,C-Band Precipitation Radar,Cloud Properties,,False,extobs,False,2024-04-15,2024-05-23,,False,,,1,1.0,1,kcg,kcgcprecipradarX40.00,kcg,X40,00,2024-04-15,2024-05-23,True,False,145,,,,,,,,,,,,,,
crds,Cavity Ring Down Extinction Spectrometer,Aerosols,,False,iop,False,,,,False,,,0,,0,,,,,,,,,False,0,,,,,,,,,,,,,,
crdsiso,Cavity Ring Down Spectrometer for Isotope Analysis,Aerosols,,False,iop,False,,,,False,,,0,,0,,,,,,,,,False,87,,,,,,,,,,,,,,
crm,Cloud Resolving Model,Derived Quantities and Models,,False,iop,False,,,,False,,,0,,0,,,,,,,,,False,23,,,,,,,,,,,,,,
csapr,C-Band Scanning ARM Precipitation Radar,Cloud Properties,Radar Doppler; Radar polarization; Radar reflectivity,True,armobs; iop,True,2011-03-25,2026-09-23,https://www.arm.gov/publications/tech_reports/handbooks/csapr_handbook.pdf,True,https://www.arm.gov/publications/tech_reports/handbooks/csapr_handbook.pdf,https://www.arm.gov/publications/tech_reports/handbooks/csapr_handbook.pdf,106,78.0,6,"bnf,cor,dst,hou,sgp,twp",corcsapr2cfrzppiqcM1.b1,bnf,S3,b1,2025-04-01,2025-06-23,True,True,277,arm-instrument-csapr,corcsapr2cfrzppiqcM1.b1.20190227.230933.nc,2026-09-23,K Widener; N Bharadwaj,DOE/SC-ARM/TR-121,November 2012,19.0,9.0,,True,,,,
csapr2-cmac,C-SAPR2 Corrected Moments in Antenna Coordinates,Cloud Properties; Derived Quantities and Models,Atmospheric temperature; Precipitation; Radar Doppler; Radar polarization; Radar reflectivity,False,evalderiv,False,2018-10-12,2025-06-26,https://www.arm.gov/publications/tech_reports/doe-sc-arm-tr-327.pdf,True,https://www.arm.gov/publications/tech_reports/doe-sc-arm-tr-327.pdf,,5,4.0,3,"bnf,cor,hou",bnfcsapr2cmacS3.c1,bnf,S3,c1,2025-02-16,2025-06-23,True,False,861,,,,,,,,,,,,,,
csaprct,"C-Band Scanning ARM Precipitation Radar, Adaptive Scanning Cell Tracking",Cloud Properties,Radar reflectivity,False,evalderiv,False,2022-06-04,2022-09-20,https://www.arm.gov/publications/tech_reports/doe-sc-arm-tr-324.pdf,True,https://www.arm.gov/publications/tech_reports/doe-sc-arm-tr-324.pdf,,2,2.0,1,hou,houcsapr2cfrqctobacmaskS2.c1,hou,S2,c1,2022-06-04,2022-09-20,True,False,58,,,,,,,,,,,,,,
csi-air,Cloud Spectrometer and Impactor aboard aircraft,Airborne Observations; Cloud Properties,,False,iop,False,,,,False,,,0,,0,,,,,,,,,False,166,,,,,,,,,,,,,,
csicdp-air,Cloud Spectrometer and Impactor and Cloud Droplet Probe aboard an aircraft,Airborne Observations; Cloud Properties,,False,iop,False,,,,False,,,0,,0,,,,,,,,,False,171,,,,,,,,,,,,,,
csphot,Sunphotometer,Aerosols; Radiometric,Aerosol optical depth; Aerosol optical properties; Particle number concentration; Particle size distribution; Precipitable water; Shortwave narrowband radiance,True,armobs; extobs; iop,True,1994-04-06,2026-09-23,https://www.arm.gov/publications/tech_reports/handbooks/csphot_handbook.pdf,True,https://www.arm.gov/publications/tech_reports/handbooks/csphot_handbook.pdf,https://www.arm.gov/publications/tech_reports/handbooks/csphot_handbook.pdf,538,440.0,31,"acx,anx,asi,awr,bnf,cor,crg,dst,ena,epc,fkb,gan",sgpcsphotzenradv3C1.a1,sgp,C1,a1,2017-10-07,2026-04-27,True,True,171,arm-instrument-csphot,sgpcsphotzenradv3C1.a1.20260919.224833.nc,2026-09-23,L Gregory,DOE/SC-ARM/TR-056,January 2011,22.0,12.0,,True,,,,
csr,Circular Scanning Radiometer,Atmospheric Profiling; Radiometric,,False,iop,False,,,,False,,,0,,0,,,,,,,,,False,0,,,,,,,,,,,,,,
cvi,Counterflow Virtual Impactor,Cloud Properties,,False,iop,False,,,,False,,,0,,0,,,,,,,,,False,145,,,,,,,,,,,,,,
daspecrad,Diode Array Spectroradiometer,Aerosols; Radiometric,,False,iop,False,,,,False,,,0,,0,,,,,,,,,False,0,,,,,,,,,,,,,,
dc8-nasa,NASA DC-8,Airborne Observations,,False,iop,False,,,,False,,,0,,0,,,,,,,,,False,0,,,,,,,,,,,,,,
diffcor,Correction of Diffuse Shortwave Measurements,Derived Quantities and Models,Shortwave broadband diffuse downwelling irradiance; Shortwave broadband direct normal irradiance; Shortwave broadband total downwelling irradiance,False,armderiv,False,1993-09-01,2001-06-19,https://www.arm.gov/publications/tech_reports/arm-tr-009.pdf,True,https://www.arm.gov/publications/tech_reports/arm-tr-009.pdf,,48,48.0,3,"nsa,sgp,twp",sgpbrs1duttC1.c1,sgp,C1,c1,1993-09-01,2001-01-22,True,False,185,,,,,,,,,,,,,,
disdrometer,Impact Disdrometer,Surface Meteorology,Precipitation; Radar reflectivity,True,armobs,False,2006-01-11,2025-04-08,https://www.arm.gov/publications/tech_reports/handbooks/disdrometer_handbook.pdf,True,,https://www.arm.gov/publications/tech_reports/handbooks/disdrometer_handbook.pdf,3,3.0,2,"sgp,twp",sgpdisdrometerC1.b1,sgp,C1,b1,2006-04-11,2025-04-08,True,True,82,arm-instrument-disdrometer,sgpdisdrometerC1.b1.20250405.000000.cdf,2026-09-23,MJ Bartholomew,DOE/SC-ARM-TR-111,March 2016,19.0,10.0,vdis,True,,,,
dl,Doppler Lidar,Cloud Properties,Backscattered radiation; Lidar Doppler,True,armobs; iop,True,2010-10-21,2026-09-23,https://www.arm.gov/publications/tech_reports/handbooks/dl_handbook.pdf,True,https://www.arm.gov/publications/tech_reports/handbooks/dl_handbook.pdf,https://www.arm.gov/publications/tech_reports/handbooks/dl_handbook.pdf,254,148.0,19,"anx,asi,bnf,cor,crg,dst,ena,epc,guc,hou,kcg,mao",sgpdlppiC1.b1,bnf,S1,b1,2025-06-07,2026-07-27,True,True,220,arm-instrument-dl,sgpdlppiC1.b1.20260919.120017.cdf,2026-09-23,RK Newsom; R Krishnamurthy,DOE/SC-ARM-TR-101,December 2022,59.0,15.0,,True,,,,
dlh-air,Tunable Diode Laser Hygrometer aboard aircraft,Airborne Observations; Atmospheric Profiling,,False,iop,False,,,,False,,,0,,0,,,,,,,,,False,295,,,,,,,,,,,,,,
dlmc,Doppler Lidar Mentor Corrected for Ship Motion,Cloud Properties,Backscattered radiation; Lidar Doppler; Navigation variables,False,armderiv,False,2019-10-11,2020-09-20,https://www.arm.gov/publications/tech_reports/doe-sc-arm-tr-296.pdf,True,https://www.arm.gov/publications/tech_reports/doe-sc-arm-tr-296.pdf,,2,2.0,1,mos,mosdlmcusrM1.c1,mos,M1,c1,2019-10-11,2020-09-20,True,False,140,,,,,,,,,,,,,,
dlmcprof-wind,Doppler Lidar Motion Correction (DLMC) Wind Profiles ,Atmospheric Profiling,Horizontal wind,False,armderiv,False,2019-10-11,2020-09-20,https://www.arm.gov/publications/tech_reports/doe-sc-arm-tr-295.pdf,True,https://www.arm.gov/publications/tech_reports/doe-sc-arm-tr-295.pdf,,1,1.0,1,mos,mosdlmcprofwindnewsM1.c1,mos,M1,c1,2019-10-11,2020-09-20,True,False,690,,,,,,,,,,,,,,
dlprof-wind,Doppler Lidar Wind,Atmospheric Profiling,Horizontal wind,False,armderiv; iop,True,2010-11-02,2026-09-13,https://www.arm.gov/publications/tech_reports/doe-sc-arm-tr-148.pdf,True,https://www.arm.gov/publications/tech_reports/doe-sc-arm-tr-148.pdf,,29,29.0,17,"anx,asi,bnf,cor,crg,ena,epc,guc,hou,kcg,mao,nsa",bnfdlprofwind4newsM1.c1,bnf,M1,c1,2024-09-06,2026-08-18,True,False,535,,,,,,,,,,,,,,
dlprof-wstats,Doppler Lidar Vertical Velocity Statistics,Atmospheric Profiling,Cloud base height; Cloud fraction; Vertical velocity,False,armderiv; iop,True,2010-10-22,2026-09-22,,False,https://www.arm.gov/publications/tech_reports/doe-sc-arm-tr-149.pdf ,,28,27.0,17,"anx,asi,bnf,cor,crg,ena,epc,guc,hou,kcg,mao,nsa",bnfdlprofwstats4newsM1.c1,bnf,M1,c1,2024-09-04,2026-08-18,True,False,627,,,,,,,,,,,,,,
dma,Differential Mobility Analyzer,Aerosols,,False,iop,False,,,,False,,,0,,0,,,,,,,,,False,68,,,,,,,,,,,,,,
dma-air,Differential Mobility Analyzer aboard aircraft,Aerosols; Airborne Observations,,False,iop,False,,,,False,,,0,,0,,,,,,,,,False,62,,,,,,,,,,,,,,
dnbbrad,Suite of Downwelling Broadband Radiometers,Radiometric,,False,iop,False,,,,False,,,0,,0,,,,,,,,,False,388,,,,,,,,,,,,,,
doas,Differential Optical Absorption Spectroscopy,Aerosols; Atmospheric Profiling,,False,iop,False,,,,False,,,0,,0,,,,,,,,,False,428,,,,,,,,,,,,,,
dri-air,Desert Research Institute Airborne Aerosol Instruments,Aerosols; Airborne Observations,,False,iop,False,,,,False,,,0,,0,,,,,,,,,False,0,,,,,,,,,,,,,,
drum-aerosol,Drum Aerosol Sampler,Aerosols,,False,iop,False,,,,False,,,0,,0,,,,,,,,,False,0,,,,,,,,,,,,,,
dts,Distributed Temperature Sensing,Atmospheric Profiling; Surface Meteorology; Surface/Subsurface Properties,Atmospheric temperature,True,armobs; extobs; iop,True,2016-05-19,2026-09-23,,False,,,17,10.0,2,"bnf,sgp",bnftowerdtsch4S10.b1,bnf,S10,b1,2025-03-18,2026-09-21,True,False,391,,,,,,,,,,,,,,
dts-air,"Distributed Temperature Sensing, airborne",Airborne Observations; Atmospheric Profiling; Surface Meteorology; Surface/Subsurface Properties,,True,armobs; iop,False,2018-06-30,2023-06-15,,False,,,60,,4,"guc,hou,oli,sgp",,,,,,,,False,316,,,,,,,,,,,,,,
ebbr,Energy Balance Bowen Ratio Station,Radiometric; Surface/Subsurface Properties,Latent heat flux; Net broadband total irradiance; Sensible heat flux; Soil heat flux,True,armobs,True,1993-07-04,2026-09-23,https://www.arm.gov/publications/tech_reports/handbooks/ebbr_handbook.pdf,True,https://www.arm.gov/publications/tech_reports/handbooks/ebbr_handbook.pdf,https://www.arm.gov/publications/tech_reports/handbooks/ebbr_handbook.pdf,67,66.0,1,sgp,sgp5ebbrE13.b1,sgp,E12,b1,1993-09-29,2024-12-05,True,True,140,arm-instrument-ebbr,sgp5ebbrE13.b1.20231215.000000.nc,2026-09-23,DR Cook; RC Sullivan,DOE/SC-ARM-TR-037,May 2025,28.0,31.0,,True,,,,
ec-uhoh,Eddy Covariance - University of Hohenheim,Surface/Subsurface Properties,,False,iop,False,,,,False,,,0,,0,,,,,,,,,False,0,,,,,,,,,,,,,,
ecmwf,European Centre for Medium Range Weather Forecasts Model Data,Derived Quantities and Models,Atmospheric moisture; Atmospheric pressure; Atmospheric temperature; Atmospheric turbulence; Cloud fraction; Geopotential Height,False,extmod; extobs,False,1996-10-01,2015-09-30,,False,,,12,12.0,1,twp,twpecmwfupaX30.c1,twp,X30,c1,1996-10-01,2015-09-30,True,False,266,,,,,,,,,,,,,,
ecmwfdiag,European Centre for Medium Range Weather Forecasts Diagnostic Analyses,Derived Quantities and Models,Advective tendency; Atmospheric moisture; Atmospheric pressure; Atmospheric temperature; Cloud fraction; Horizontal wind,False,extderiv; extmod; extobs; iop,False,1995-04-17,2026-02-20,,False,,,170,170.0,22,"anx,asi,awr,ena,fkb,gan,grw,guc,hfe,hou,mao,mcq",sgpecmwfvarX1.c1,sgp,X1,c1,1995-04-17,2026-02-20,True,False,108,,,,,,,,,,,,,,
ecor,Eddy Correlation Flux Measurement System,Surface/Subsurface Properties,Atmospheric turbulence; Carbon dioxide (CO2) concentration; Carbon dioxide (CO2) flux; Horizontal wind; Latent heat flux; Methane concentration,True,armobs; iop,True,1995-06-02,2026-09-23,https://www.arm.gov/publications/tech_reports/handbooks/ecor_handbook.pdf,True,https://www.arm.gov/publications/tech_reports/handbooks/doe-sc-arm-tr-333.pdf,https://www.arm.gov/publications/tech_reports/handbooks/ecor_handbook.pdf,134,82.0,24,"anx,asi,awr,bnf,cor,crg,dst,ena,epc,fkb,grw,guc",enaecorsfC1.b1,ena,C1,b1,2024-09-17,2026-09-22,True,True,176,arm-instrument-ecor,enaecorsfC1.b1.20260922.000000.nc,2026-09-23,DR Cook; RC Sullivan,DOE/SC-ARM-TR-052,July 2025,24.0,22.0,,True,,,,
ecoraerosol,Aerosol Eddy Correlation Flux Measurement System,Aerosols; Surface/Subsurface Properties,,False,iop,False,,,,False,,,0,,0,,,,,,,,,False,173,,,,,,,,,,,,,,
environparam,Environment Parameters,Atmospheric Profiling; Derived Quantities and Models; Surface Meteorology,,False,iop,False,,,,False,,,0,,0,,,,,,,,,False,389,,,,,,,,,,,,,,
eta,Eta Model Runs,Derived Quantities and Models,,False,iop,False,,,,False,,,0,,0,,,,,,,,,False,0,,,,,,,,,,,,,,
fcdp-air,Fast Cloud Droplet Probe aboard aircraft,Airborne Observations; Cloud Properties,Cloud particle number concentration; Cloud particle size distribution,True,armderiv; armobs; extderiv; iop,False,2014-02-22,2023-08-12,https://www.arm.gov/publications/tech_reports/handbooks/doe-sc-arm-tr-238.pdf,True,https://www.arm.gov/publications/tech_reports/handbooks/doe-sc-arm-tr-238.pdf,,8,6.0,6,"acx,cor,ena,mao,nsa,sgp",sgpaaffcdpF1.c1,sgp,F1,c1,2016-04-25,2016-09-22,True,True,121,arm-instrument-fcdp-air,sgpaaffcdpF1.c1.20160920.202755.nc,2026-09-23,S Glienke; F Mei,DOE/SC-ARM-TR-238,January 2020,16.0,9.0,,True,,,,
ffssp-air,Fast-Forward Scattering Spectrometer Probe aboard aircraft,Aerosols; Airborne Observations; Cloud Properties,,False,iop,False,,,,False,,,0,,0,,,,,,,,,False,135,,,,,,,,,,,,,,
filteraerosol-air,"ARM Aerial Facility (AAF) - Unmanned Aircraft Systems, Filter Aerosol Sampler ",Aerosols; Airborne Observations,,True,armobs,True,2021-03-03,2026-09-16,,False,,,8,6.0,2,"bnf,sgp",bnfaaffiltsampU2.b1,bnf,U2,b1,2024-07-26,2026-09-13,True,False,69,,,,,,,,,,,,,,
fims-air,Fast Integrated Mobility Spectrometer aboard aircraft,Aerosols; Airborne Observations,Aerosol particle size distribution,True,armobs; iop,False,2013-07-01,2023-08-15,,False,,,7,4.0,4,"ena,mao,osc,sgp",sgpaaffimsF1.b1,sgp,F1,b1,2016-04-25,2016-09-22,True,False,165,,,,,,,,,,,,,,
flask,Flask Samplers for Carbon Cycle Gases and Isotopes,Atmospheric Carbon,Carbon dioxide (CO2) concentration; Carbon monoxide (CO) Concentration; Isotope ratio; Methane concentration; Nitrogen oxides; Trace gas concentration,True,armobs,False,2002-04-02,2024-09-01,https://www.arm.gov/publications/tech_reports/handbooks/flask_handbook.pdf,True,https://www.arm.gov/publications/tech_reports/handbooks/flask_handbook.pdf,https://www.arm.gov/publications/tech_reports/handbooks/flask_handbook.pdf,2,2.0,1,sgp,sgpghgisoflaskC1.b1,sgp,C1,b1,2002-04-02,2024-08-22,True,True,142,arm-instrument-flask,sgpghgisoflaskC1.b1.20240901.191758.nc,2026-09-23,S Biraud,DOE/SC-ARM-TR-181,March 2016,17.0,11.0,,True,,,,
flask-air,Flask Samplers for Carbon Cycle Gases and Isotopes aboard an aircraft,Airborne Observations; Atmospheric Carbon,,False,iop,False,,,,False,,,0,,0,,,,,,,,,False,161,,,,,,,,,,,,,,
flextrkr,"FLEXTRKR algorithm for Mesoscale Convective System MCS, Convection Cell Tracking",Derived Quantities and Models,,False,iop,False,,,,False,,,0,,0,,,,,,,,,False,152,,,,,,,,,,,,,,
flir-imaging,FLIR thermal imaging,Surface/Subsurface Properties,,False,iop,False,,,,False,,,0,,0,,,,,,,,,False,196,,,,,,,,,,,,,,
fluxnet,FluxNet: Network of Regional CO2 and Energy Flux Tower Networks,Atmospheric Carbon; Surface Meteorology,,False,armderiv; extobs,False,2012-01-01,2014-12-31,,False,,,2,2.0,1,twp,twpfluxnetlev4qcX33.01,twp,X33,01,2012-01-01,2014-12-31,True,False,394,,,,,,,,,,,,,,
ftir-raob,Fourier Transform Infrared Radiometer and Raobs,Atmospheric Profiling; Radiometric,,False,iop,False,,,,False,,,0,,0,,,,,,,,,False,0,,,,,,,,,,,,,,
ftir-spectrometer,FTIR spectrometer,Aerosols,,False,iop,False,,,,False,,,0,,0,,,,,,,,,False,84,,,,,,,,,,,,,,
gam,Global Atmospheric Model,Derived Quantities and Models,,False,iop,False,,,,False,,,0,,0,,,,,,,,,False,102,,,,,,,,,,,,,,
gcms,Gas Chromatography Mass Spectrometry,Aerosols,,False,iop,False,,,,False,,,0,,0,,,,,,,,,False,0,,,,,,,,,,,,,,
genstate,Generator State,Aerosols,Instrument monitoring non-geophysical variables,True,armobs,True,2019-12-06,2026-09-21,,False,,,6,4.0,4,"anx,dst,guc,hou",gucgensetM1.a1,guc,M1,a1,2022-06-30,2023-06-13,True,False,128,,,,,,,,,,,,,,
ghg,Greenhouse Gas Monitor,Atmospheric Carbon,Carbon dioxide (CO2) concentration; Methane concentration,True,armobs; iop,False,2013-10-01,2021-06-15,https://www.arm.gov/publications/tech_reports/handbooks/ghg_handbook.pdf,True,https://www.arm.gov/publications/tech_reports/handbooks/ghg_handbook.pdf,https://www.arm.gov/publications/tech_reports/handbooks/ghg_handbook.pdf,12,10.0,2,"ena,oli",oliaosghgcoeffM1.b1,oli,M1,b1,2015-06-01,2021-06-15,True,True,426,arm-instrument-ghg,oliaosghgcoeffM1.b1.20210612.053400.nc,2026-09-23,S Biraud; K Reichl,DOE/SC-ARM-TR-175,October 2024,13.0,6.0,,True,,,,
ghg-air,Greenhouse Gas Monitor aboard aircraft,Airborne Observations; Atmospheric Carbon,,False,iop,False,,,,False,,,0,,0,,,,,,,,,False,224,,,,,,,,,,,,,,
glidersonde,Glidersonde (Oklahoma University),Airborne Observations,,False,iop,False,,,,False,,,0,,0,,,,,,,,,False,0,,,,,,,,,,,,,,
gms,Geostationary Meteorological Satellite,Satellite Observations,Longwave narrowband radiance; Shortwave broadband radiance; Surface albedo,False,extobs,False,1996-10-01,2003-02-16,,False,,,2,2.0,1,twp,twpgms5X1.a1,twp,X1,a1,1996-10-11,2003-02-16,True,False,151,,,,,,,,,,,,,,
gndmfr,Ground Multifilter Radiometer,Radiometric; Surface/Subsurface Properties,,True,armobs,False,1997-10-26,1998-09-30,https://www.arm.gov/publications/tech_reports/handbooks/mfrsr_handbook.pdf,True,https://www.arm.gov/publications/tech_reports/handbooks/mfrsr_handbook.pdf,,3,3.0,1,shb,shbgndmfrC1.b1,shb,C1,b1,1997-10-26,1998-09-30,False,True,121,arm-instrument-gndmfr,shbgndmfrC1.b1.19980927.000000.cdf,2026-09-23,GB Hodges; JJ Michalsky,DOE/SC-ARM-TR-144,March 2016,21.0,11.0,mfrsr,True,,,,
gndrad,Ground Radiometers on Stand for Upwelling Radiation,Radiometric,Longwave broadband upwelling irradiance; Shortwave broadband total upwelling irradiance; Surface skin temperature,True,armobs,True,1996-10-09,2026-09-23,https://www.arm.gov/publications/tech_reports/handbooks/gndrad_handbook.pdf,True,https://www.arm.gov/publications/tech_reports/handbooks/sirs_handbook.pdf,https://www.arm.gov/publications/tech_reports/handbooks/gndrad_handbook.pdf,113,82.0,30,"anx,asi,awr,bnf,cor,crg,dst,ena,epc,fkb,gan,grw",sgpgndrad25m60sC1.b1,bnf,S40,b1,2024-10-01,2026-09-22,True,True,201,arm-instrument-gndrad,sgpgndrad25m60sC1.b1.20260919.000000.nc,2026-09-23,T. Stoffel,ARM TR-027,November 2004,13.0,7.0,,True,,,,
gnss,Global Navigation Satellite System (GNSS),Satellite Observations,Atmospheric moisture; Atmospheric pressure; Atmospheric temperature; Horizontal wind; Navigation variables; Precipitable water,False,extobs,True,2020-01-01,2026-09-20,,False,,,12,12.0,3,"ena,nsa,sgp",sgpgnsszpdX1.b1,sgp,X1,b1,2021-11-11,2026-09-16,True,False,92,,,,,,,,,,,,,,
goes,Geostationary Operational Environmental Satellites,Satellite Observations,Atmospheric moisture; Cloud fraction; Images of Clouds; Longwave narrowband brightness temperature; Longwave narrowband radiance; Shortwave broadband radiance,False,extderiv; extobs; iop,False,1994-07-17,2026-07-05,,False,,,33,33.0,3,"cor,sgp,twp",sgpgoes13uthgridX1.c1,sgp,X1,c1,2010-04-14,2016-06-02,True,False,196,,,,,,,,,,,,,,
goes-uth,Upper Tropospheric Relative Humidity from GOES Satellite Data,Satellite Observations,Atmospheric moisture,False,extderiv,False,2002-10-01,2010-04-13,,False,,,6,6.0,2,"sgp,twp",sgpgoes12uthgridX1.c1,sgp,X1,c1,2003-04-01,2010-04-13,True,False,208,,,,,,,,,,,,,,
goeswater,Water Profiles from GOES Satellite Data,Atmospheric Profiling; Satellite Observations,Atmospheric moisture; Atmospheric pressure; Atmospheric temperature,True,armobs,False,1999-01-01,2006-06-27,,False,,,10,10.0,1,sgp,sgpg12profC1.a1,sgp,C1,a1,2003-04-11,2006-06-26,False,False,175,,,,,,,,,,,,,,
gps,Global Positioning System,Other,Navigation variables,True,armobs,False,1997-10-17,1998-10-04,https://www.arm.gov/publications/tech_reports/handbooks/doe-sc-arm-tr-260.pdf,True,https://www.arm.gov/publications/tech_reports/handbooks/doe-sc-arm-tr-260.pdf,,1,1.0,1,shb,shbgpsC1.a1,shb,C1,a1,1997-10-17,1998-10-04,False,True,246,arm-instrument-gps,shbgpsC1.a1.19981001.000254.cdf,2026-09-23,A Matthews; L Goldberger,DOE/SC-ARM-TR-260,November 2020,13.0,3.0,"aimms20-air,gustprobe-air,met-air",True,,,,
gps-ncar,NCAR GPS,Atmospheric Profiling,,False,iop,False,,,,False,,,0,,0,,,,,,,,,False,0,,,,,,,,,,,,,,
gpswv,Water Vapor from Global Positioning System line-of-sight,Atmospheric Profiling,,False,iop,False,,,,False,,,0,,0,,,,,,,,,False,0,,,,,,,,,,,,,,
grams,Ground Radiometer Autonomous Measurement System,Radiometric,,True,armobs,False,1997-10-15,2000-10-03,,False,,,6,6.0,1,sgp,sgpgramscalftsbbrC1.b1,sgp,C1,b1,2000-02-18,2000-08-25,False,False,248,,,,,,,,,,,,,,
gustprobe-air,Gust Probe aboard aircraft,Airborne Observations,Atmospheric pressure; Atmospheric temperature; Atmospheric turbulence,True,armobs; iop,False,2013-06-24,2026-09-23,https://www.arm.gov/publications/tech_reports/handbooks/doe-sc-arm-tr-260.pdf,True,https://www.arm.gov/publications/tech_reports/handbooks/doe-sc-arm-tr-260.pdf,,18,13.0,7,"acx,cor,ena,mao,oli,osc,sgp",sgpaafgust1hzF1.a1,sgp,F1,a1,2016-04-25,2016-04-28,True,True,164,arm-instrument-gustprobe-air,sgpaafgust1hzF1.a1.20160920.200815.nc,2026-09-23,A Matthews; L Goldberger,DOE/SC-ARM-TR-260,November 2020,13.0,4.0,"aimms20-air,gps,met-air",True,,,,
gvr,G-band (183 GHz) Vapor Radiometer,Radiometric,Microwave narrowband brightness temperature; Precipitable water,True,armderiv; armobs; iop,False,2006-09-28,2024-07-07,https://www.arm.gov/publications/tech_reports/handbooks/gvr_handbook.pdf,True,https://www.arm.gov/publications/tech_reports/handbooks/gvr_handbook.pdf,https://www.arm.gov/publications/tech_reports/handbooks/gvr_handbook.pdf,4,4.0,1,nsa,nsagvrC1.c1,nsa,C1,c1,2006-09-28,2024-07-06,True,True,285,arm-instrument-gvr,nsagvrC1.c1.20240703.000011.nc,2026-09-23,MP Cadeddu,DOE/SC-ARM/TR-076,March 2011,17.0,10.0,,True,,,,
gvrp,G-band (183 GHz) Vapor Radiometer Profiler,Radiometric,Microwave narrowband brightness temperature,True,armobs,False,2008-04-01,2026-07-14,https://www.arm.gov/publications/tech_reports/handbooks/gvrp_handbook.pdf,True,https://www.arm.gov/publications/tech_reports/handbooks/gvrp_handbook.pdf,https://www.arm.gov/publications/tech_reports/handbooks/gvrp_handbook.pdf,6,6.0,2,"awr,nsa",nsagvrpC1.b1,nsa,C1,b1,2008-04-01,2026-07-14,True,True,220,arm-instrument-gvrp,nsagvrpC1.b1.20260711.000524.cdf,2026-09-23,MP Cadeddu,DOE/SC-ARM/TR-091,June 2010,14.0,10.0,,True,,,,
gwvrdp,G-band Water Vapor Radar Profiler,Cloud Properties,,False,iop,False,,,,False,,,0,,0,,,,,,,,,False,136,,,,,,,,,,,,,,
h2o-air,Water Vapor Analyzer aboard aircraft,Aerosols; Airborne Observations; Atmospheric Carbon; Atmospheric Profiling,Atmospheric moisture; Carbon dioxide (CO2) concentration,True,armobs,True,2021-03-03,2026-09-16,,False,,,7,6.0,2,"bnf,sgp",bnfaafh2oU2.b1,bnf,U2,b1,2026-07-29,2026-09-13,True,False,81,,,,,,,,,,,,,,
hk-air,House Keeping Instruments aboard Aircraft,Airborne Observations,,True,armobs,False,2016-04-25,2026-09-23,,False,,,4,3.0,4,"cor,ena,oli,sgp",sgpaafhkF1.a1,sgp,F1,a1,2016-04-25,2016-09-22,True,False,182,,,,,,,,,,,,,,
hologr,Holographic Cloud Detector,Cloud Properties,,False,iop,False,,,,False,,,0,,0,,,,,,,,,False,0,,,,,,,,,,,,,,
hrtofams-air,High-Resolution Time-of-Flight Aerosol Mass Spectrometer aboard aircraft,Aerosols; Airborne Observations; Atmospheric Carbon,Inorganic chemical composition; Organic Material Concentration,True,armobs; iop,False,2014-02-22,2023-08-15,,False,,,6,3.0,3,"ena,mao,sgp",sgpaafamsF1.b1,sgp,F1,b1,2016-04-25,2016-09-22,True,False,286,,,,,,,,,,,,,,
hsi,Hemispheric Sky Imager,Cloud Properties,,False,iop,False,,,,False,,,0,,0,,,,,,,,,False,0,,,,,,,,,,,,,,
hsr,hyperspectral radiometer ,Radiometric,,True,armobs,False,2022-03-04,2022-07-18,,False,,,1,1.0,1,sgp,sgphsr1C1.00,sgp,C1,00,2022-03-04,2022-07-18,True,False,0,,,,,,,,,,,,,,
hsrl,High Spectral Resolution Lidar,Aerosols; Cloud Properties,Aerosol backscattered radiation; Aerosol extinction; Backscatter depolarization ratio; Backscattered radiation,True,armobs; iop,True,2011-01-21,2026-09-23,https://www.arm.gov/publications/tech_reports/handbooks/hsrl_handbook.pdf,True,https://www.arm.gov/publications/tech_reports/handbooks/hsrl_handbook.pdf,https://www.arm.gov/publications/tech_reports/handbooks/hsrl_handbook.pdf,28,25.0,11,"acx,awr,bnf,gan,guc,mag,mos,nsa,sbs,sgp,tmp",sgphsrlscanC1.a1,bnf,M1,a1,2025-03-13,2026-03-30,True,True,317,arm-instrument-hsrl,sgphsrlscanC1.a1.20260913.010003.nc,2026-09-23,R Bambha; J Garcia; I Razenkov; E Eloranta,DOE/SC-ARM-TR-157,September 2025,14.0,8.0,,True,,,,
hsrl-air,High Spectral Resolution Lidar aboard aircraft,Aerosols; Airborne Observations; Cloud Properties,,False,iop,False,,,,False,,,0,,0,,,,,,,,,False,360,,,,,,,,,,,,,,
hsrlcfad,CFADs calculated using ARM HSRL measurements and lidar scattering ratio method,Cloud Properties; Derived Quantities and Models,Lidar Doppler,False,evalderiv,False,2015-11-29,2023-06-23,,False,,,2,1.0,2,"awr,nsa",awrhsrlcfadM1.c1,awr,M1,c1,2015-11-29,2017-01-02,True,False,182,,,,,,,,,,,,,,
hsrlshipcor,HSRL Corrected for Ship Motion,Cloud Properties,Aerosol extinction; Backscatter depolarization ratio; Backscattered radiation,False,evalderiv,False,2013-05-11,2015-02-15,,False,,,2,2.0,2,"acx,mag",acxhsrlshipcorM1.c1,acx,M1,c1,2015-01-02,2015-02-15,True,False,56,,,,,,,,,,,,,,
htdma,Humidified Tandem Differential Mobility Analyzer,Aerosols,Aerosol concentration; Aerosol particle size distribution; Hygroscopic growth,True,armobs; iop,True,2012-11-16,2026-09-23,https://www.arm.gov/publications/tech_reports/handbooks/htdma_handbook.pdf,True,https://www.arm.gov/publications/tech_reports/handbooks/htdma_handbook.pdf,https://www.arm.gov/publications/tech_reports/handbooks/htdma_handbook.pdf,28,26.0,17,"acx,anx,asi,awr,bnf,crg,ena,epc,guc,hou,mag,mar",enaaoshtdmaC1.b1,bnf,M1,b1,2024-10-28,2024-11-16,True,True,209,arm-instrument-htdma,enaaoshtdmaC1.b1.20230521.000413.nc,2026-09-23,J Uin,DOE/SC-ARM-TR-161,April 2024,17.0,11.0,,True,,,,
humidigraph,humidigraph class for DQR submissions,Aerosols,,True,armobs,False,2012-10-02,2025-11-30,,False,,,11,1.0,10,"acx,asi,crg,ena,epc,guc,hou,mag,mao,tmp",epcaoshumidigraphM1.a1,epc,M1,a1,2023-06-12,2024-02-07,True,False,78,,,,,,,,,,,,,,
hvps-air,High Volume Precipitation Spectrometer aboard aircraft,Airborne Observations; Cloud Properties,Hydrometeor Size Distribution; Hydrometeor concentration,True,armderiv; armobs; evalderiv; iop,False,2014-02-25,2023-08-15,https://www.arm.gov/publications/tech_reports/handbooks/doe-sc-arm-tr-239.pdf,True,https://www.arm.gov/publications/tech_reports/handbooks/doe-sc-arm-tr-239.pdf,,9,7.0,6,"acx,cor,ena,mao,nsa,sgp",sgpaafhvpsF1.c1,sgp,F1,c1,2016-04-25,2016-09-22,True,True,189,arm-instrument-hvps-air,sgpaafhvpsF1.c1.20160920.202755.nc,2026-09-23,S Glienke; F Mei,DOE/SC-ARM-TR-239,January 2020,17.0,11.0,,True,,,,
iap,In-situ Aerosol Profiles (Cessna Aerosol Flights),Aerosols; Airborne Observations; Atmospheric Profiling,Aerosol absorption; Aerosol backscattered radiation; Aerosol scattering; Shortwave broadband total upwelling irradiance; Shortwave narrowband total upwelling irradiance,True,armobs; iop,False,2000-03-03,2015-05-04,,False,,,4,4.0,1,sgp,sgpiapmfrC1.b1,sgp,C1,b1,2007-08-08,2015-05-04,True,False,252,,,,,,,,,,,,,,
icecldmicro-air, Ice-cloud microphysical properties collected via airborne platform,Airborne Observations; Cloud Properties,,False,iop,False,,,,False,,,0,,0,,,,,,,,,False,354,,,,,,,,,,,,,,
icecrystalsamp-air,Balloon-borne Ice Crystal Sampling System,Airborne Observations; Cloud Properties,,False,iop,False,,,,False,,,0,,0,,,,,,,,,False,97,,,,,,,,,,,,,,
icerad,Radiation instruments on ice,Radiometric,Longwave broadband downwelling irradiance; Longwave broadband upwelling irradiance; Shortwave broadband total downwelling irradiance; Shortwave broadband total upwelling irradiance; Shortwave narrowband diffuse downwelling irradiance; Shortwave narrowband direct downwelling irradiance,False,evalobs,False,2019-10-17,2020-09-18,,False,,,2,2.0,1,mos,mosiceradriihimakiS3.b1,mos,S3,b1,2019-10-17,2020-09-18,True,False,160,,,,,,,,,,,,,,
idis,Impact Disdrometer,Surface Meteorology,Precipitation,True,armobs; iop,True,2006-01-11,2026-09-22,,False,,,3,1.0,2,"sgp,twp",sgpidisC1.b1,sgp,C1,b1,2025-04-10,2026-09-22,True,False,82,,,,,,,,,,,,,,
impaer,The Interagency Monitoring of Protected Visual Environments (IMPROVE) Aerosol,Aerosols,Aerosol absorption; Aerosol concentration; Black carbon concentration; Inorganic chemical composition; Organic Material Concentration,False,extderiv,False,2019-10-03,2026-01-29,,False,,,1,1.0,1,sgp,sgpimpaerX10.c1,sgp,X10,c1,2019-10-03,2026-01-29,True,False,639,,,,,,,,,,,,,,
inletcvi-air,Inlet for Counterflow Virtual Impactor aboard aircraft,Airborne Observations,Hydrometeor size,True,armderiv; armobs; iop,False,2015-01-16,2026-09-23,https://www.arm.gov/publications/tech_reports/handbooks/doe-sc-arm-tr-254.pdf,True,https://www.arm.gov/publications/tech_reports/handbooks/doe-sc-arm-tr-254.pdf,,10,8.0,5,"acx,cor,ena,oli,sgp",sgpaafinletcviF1.c1,sgp,F1,c1,2016-04-25,2016-09-22,True,True,157,arm-instrument-inletcvi-air,sgpaafinletcviF1.c1.20160920.202755.nc,2026-09-23,LA Goldberger; MS Pekour; JM Hubbe,DOE/SC-ARM-TR-254,September 2020,22.0,21.0,,True,,,,
inletisok-air,Isokinetic Inlet aboard aircraft,Airborne Observations,,True,armobs; iop,False,2013-06-24,2026-09-23,https://www.arm.gov/publications/tech_reports/handbooks/doe-sc-arm-tr-251.pdf,True,https://www.arm.gov/publications/tech_reports/handbooks/doe-sc-arm-tr-251.pdf,,9,7.0,8,"acx,cor,ena,mao,nsa,oli,osc,sgp",sgpaafinletisokF1.a1,sgp,F1,a1,2016-03-17,2016-09-23,True,True,81,arm-instrument-inletisok-air,sgpaafinletisokF1.a1.20160921.162746.nc,2026-09-23,L Goldberger,DOE/SC-ARM-TR-251,July 2020,14.0,11.0,,True,,,,
ins,Ice Nucleation Spectrometer for INP measurement,Aerosols,Ice Nucleating Particle (INP) Concentration,True,armobs; iop,False,2020-08-20,2026-09-23,https://www.arm.gov/publications/tech_reports/handbooks/doe-sc-arm-tr-278.pdf,True,https://www.arm.gov/publications/tech_reports/handbooks/doe-sc-arm-tr-278.pdf,,26,22.0,10,"bnf,crg,dst,epc,guc,hou,kcg,nsa,oli,sgp",sgpinpC1.a1,sgp,C1,a1,2020-10-19,2025-02-03,True,True,178,arm-instrument-ins,sgpinpC1.a1.20250203.142700.nc,2026-09-23,JM Creamean; TCJ Hill; CC Hume; T Devadoss,DOE/SC-ARM-TR-278,March 2024,21.0,17.0,,True,,,,
ins-air,Ice Nucleation Spectrometer for INP measurements aboard aircraft,Aerosols; Airborne Observations; Cloud Properties,,False,iop,False,,,,False,,,0,,0,,,,,,,,,False,178,,,,,,,,,,,,,,
interpsonde,Interpolated Sonde,Atmospheric Profiling; Derived Quantities and Models,Atmospheric moisture; Atmospheric pressure; Atmospheric temperature; Horizontal wind,False,armderiv,True,1998-10-21,2026-09-20,https://www.arm.gov/publications/tech_reports/doe-sc-arm-tr-183.pdf,True,https://www.arm.gov/publications/tech_reports/doe-sc-arm-tr-183.pdf,,29,29.0,23,"anx,asi,awr,bnf,cor,crg,dst,ena,epc,gan,guc,hou",bnfinterpolatedsondeM1.c1,bnf,M1,c1,2024-09-08,2026-09-19,True,False,241,,,,,,,,,,,,,,
ircc,Infrared Cloud Camera,Cloud Properties,,False,iop,False,,,,False,,,0,,0,,,,,,,,,False,226,,,,,,,,,,,,,,
irsi,Infra-Red Sky Imager,Cloud Properties; Radiometric,Cloud fraction; Precipitable water,True,armobs; extobs; iop,False,2014-05-20,2025-09-15,https://www.arm.gov/publications/tech_reports/handbooks/irsi_handbook.pdf,True,https://www.arm.gov/publications/tech_reports/handbooks/irsi_handbook.pdf,https://www.arm.gov/publications/tech_reports/handbooks/irsi_handbook.pdf,10,9.0,1,sgp,sgpirsivisC1.b1,sgp,C1,b1,2014-05-20,2023-09-29,True,True,137,arm-instrument-irsi,sgpirsivisC1.b1.20230926.000104.nc,2026-09-23,VR Morris,DOE/SC-ARM-TR-182,April 2016,16.0,7.0,,True,,,,
irspec,Infrared Absorption Spectrometer,Atmospheric Carbon,,False,iop,False,,,,False,,,0,,0,,,,,,,,,False,6,,,,,,,,,,,,,,
irt,Infrared Thermometer,Radiometric; Surface/Subsurface Properties,Longwave broadband upwelling irradiance; Longwave narrowband brightness temperature; Surface skin temperature,True,armobs; iop,True,1996-04-16,2026-09-23,https://www.arm.gov/publications/tech_reports/handbooks/irt_handbook.pdf,True,https://www.arm.gov/publications/tech_reports/handbooks/doe-sc-arm-tr-015.pdf,https://www.arm.gov/publications/tech_reports/handbooks/irt_handbook.pdf,163,148.0,24,"acx,anx,asi,awr,bnf,cor,crg,dst,ena,epc,grw,guc",sgpirt25mC1.b1,sgp,C1,b1,2001-10-09,2026-09-22,True,True,165,arm-instrument-irt,sgpirt25mC1.b1.20260919.000000.nc,2026-09-23,VR Morris,,,31.0,12.0,,True,,,,
irt-air,Infrared Thermometer - Airborne,Airborne Observations; Radiometric,Longwave narrowband brightness temperature,True,armobs; iop,True,2021-03-03,2026-09-14,https://www.arm.gov/publications/tech_reports/handbooks/irt_handbook.pdf,False,,,7,6.0,2,"bnf,sgp",bnfaafirtU2.b1,bnf,U2,b1,2024-07-29,2026-09-13,True,False,6,arm-instrument-irt-air,bnfaafirtU2.b1.20260910.163628.nc,2026-09-24,VR Morris,DOE/SC-ARM-TR-015,January 2018,31,12,,True,,True,class-specific,
isar,Infrared seasurface skin temperature autonomous radiometer,,,False,iop,False,,,,False,,,0,,0,,,,,,,,,False,0,,,,,,,,,,,,,,
isccpcld,ISCCP Cloud Data Around the ARM Sites,Cloud Properties,,False,extderiv,False,,,,False,,,0,,0,,,,,,,,,False,0,,,,,,,,,,,,,,
island-guest-instruments,Nauru Island guest instruments,Radiometric; Surface Meteorology,,False,iop,False,,,,False,,,0,,0,,,,,,,,,False,0,,,,,,,,,,,,,,
issrwp,915RWP Derived Data with Sonde at Altitude,Derived Quantities and Models,Horizontal wind; Radar Doppler,False,extobs,False,1997-01-01,2001-01-24,,False,,,2,2.0,1,twp,twp915issrwpwindconX1.a1,twp,X1,a1,1997-01-01,2001-01-24,False,False,121,,,,,,,,,,,,,,
isssonde,Integrated Sounding System,Atmospheric Profiling,Atmospheric moisture; Atmospheric pressure; Atmospheric temperature; Horizontal wind,True,armobs; extobs; iop,False,1996-03-01,2002-05-14,https://www.arm.gov/publications/tech_reports/handbooks/sonde_handbook.pdf,False,,,5,5.0,2,"nsa,twp",nsaisssonde10sC1.b1,nsa,C1,b1,1998-05-20,2002-05-14,False,False,123,arm-instrument-isssonde,nsaisssonde10sC1.b1.20020510.230348.cdf,2026-09-24,E Keeler,DOE/SC-ARM-TR-029,May 2025,15,5,,True,,True,parent-system-level,
kandz-cm21,Kipp and Zonen - CM21,Radiometric,,False,iop,False,,,,False,,,0,,0,,,,,,,,,False,0,,,,,,,,,,,,,,
kandz-cm21-schenk-star,Kipp and Zonen-CM21 Schenk Star,Radiometric,,False,iop,False,,,,False,,,0,,0,,,,,,,,,False,0,,,,,,,,,,,,,,
kasacr,Ka-Band Scanning ARM Cloud Radar,Cloud Properties,Radar Doppler; Radar polarization; Radar reflectivity,True,armobs; evalobs; iop,True,2011-04-03,2026-09-23,https://www.arm.gov/publications/tech_reports/handbooks/kasacr_handbook.pdf,True,https://www.arm.gov/publications/tech_reports/handbooks/wsacr_handbook.pdf,https://www.arm.gov/publications/tech_reports/handbooks/kasacr_handbook.pdf,1010,279.0,16,"anx,asi,awr,bnf,cor,ena,epc,gan,hou,mos,nsa,oli",enakasacrvpthrcC1.b1,bnf,S4,b1,2025-04-01,2025-07-01,True,True,342,arm-instrument-kasacr,enakasacrvpthrcC1.b1.20170728.223026.nc,2026-09-23,K Widener; N Bharadwaj; K Johnson,DOE/SC-ARM/TR-113,June 2012,37.0,11.0,"wsacr,xsacr",True,,,,
kasacrgridppi,"Ka-Band Scanning ARM Cloud Radar PPI scan, Cartesian Cloud Cover Grid VAP",Cloud Properties; Surface Meteorology,Radar Doppler; Radar polarization; Radar reflectivity,False,evalderiv,False,2019-12-01,2026-06-30,,False,,,5,5.0,3,"anx,bnf,hou",bnfkasacrgridppiS4.c1,bnf,S4,c1,2025-04-01,2025-07-01,True,False,338,,,,,,,,,,,,,,
kasacrgridrhi,"Ka-Band Scanning ARM Cloud Radar RHI scan, Cartesian Cloud Cover Grid VAP",Cloud Properties,Radar Doppler; Radar polarization; Radar reflectivity,False,evalderiv,False,2018-10-01,2026-06-30,,False,,,7,7.0,4,"anx,bnf,cor,hou",bnfkasacrgridrhiS4.c1,bnf,S4,c1,2025-04-01,2025-06-30,True,False,145,,,,,,,,,,,,,,
kazr,Ka ARM Zenith Radar,Cloud Properties,Radar Doppler; Radar polarization; Radar reflectivity,True,armobs; iop,True,2011-01-06,2026-09-23,https://www.arm.gov/publications/tech_reports/handbooks/kazr_handbook.pdf,True,https://www.arm.gov/publications/tech_reports/handbooks/kazr_handbook.pdf,https://www.arm.gov/publications/tech_reports/handbooks/kazr_handbook.pdf,293,240.0,21,"acx,anx,asi,awr,bnf,cor,crg,dst,ena,epc,gan,guc",sgpkazrcfrmdqcC1.b1,sgp,C1,b1,2020-01-01,2026-01-01,True,True,447,arm-instrument-kazr,sgpkazrcfrmdqcC1.b1.20251229.000010.nc,2026-09-23,K Widener; N Bharadwaj; K Johnson,DOE/SC-ARM/TR-106,February 2012,25.0,10.0,,True,,,,
kazrarscl,Active Remote Sensing of CLouds (ARSCL) product using Ka-band ARM Zenith Radars,Cloud Properties,Cloud base height; Cloud top height; Radar Doppler; Radar polarization; Radar reflectivity,False,armderiv; evalderiv,False,2011-01-18,2026-06-30,https://www.arm.gov/publications/tech_reports/arm-vap-002-1.pdf,True,https://www.arm.gov/publications/tech_reports/arm-vap-002-1.pdf,,60,60.0,18,"anx,asi,awr,bnf,cor,crg,ena,epc,gan,guc,hou,kcg",sgparsclkazrbnd1kolliasC1.c1,sgp,C1,c1,2011-01-18,2014-03-15,True,False,527,,,,,,,,,,,,,,
kazrarsclcloudsat,"KAZR-ARSCL, reflectivities aligned with CloudSat Cloud Profiling Radar",Cloud Properties,Cloud base height; Cloud top height; Radar Doppler; Radar polarization; Radar reflectivity,False,armderiv,False,2012-03-01,2017-11-29,https://www.arm.gov/publications/tech_reports/doe-sc-arm-tr-279.pdf,True,https://www.arm.gov/publications/tech_reports/doe-sc-arm-tr-279.pdf,,4,4.0,4,"awr,nsa,oli,sgp",sgparsclkazrcloudsatC1.c1,sgp,C1,c1,2012-03-01,2017-08-31,True,False,137,,,,,,,,,,,,,,
kazrcor,KAZR Corrected Data,Cloud Properties,Radar Doppler; Radar polarization; Radar reflectivity,False,armderiv,False,2011-01-18,2019-12-20,https://www.arm.gov/publications/tech_reports/doe-sc-arm-tr-203.pdf,True,https://www.arm.gov/publications/tech_reports/doe-sc-arm-tr-203.pdf,,31,31.0,9,"asi,awr,ena,gan,nsa,oli,sgp,tmp,twp",sgpkazrcormdC1.c1,sgp,C1,c1,2011-05-03,2014-03-15,True,False,226,,,,,,,,,,,,,,
kazrshipcor,KAZR Ship Motion Correction,Cloud Properties,Radar Doppler; Radar reflectivity,False,evalderiv,False,2012-10-01,2015-02-12,,False,,,5,5.0,2,"acx,mag",acxkazrshipcormdM1.c1,acx,M1,c1,2015-01-14,2015-02-12,True,False,191,,,,,,,,,,,,,,
ksumeso,Kansas State University Mesonet,Surface Meteorology,Atmospheric moisture; Atmospheric temperature; Horizontal wind; Precipitation; Shortwave broadband total downwelling irradiance; Soil temperature,False,extobs,False,1993-07-01,2013-09-01,,False,,,1,1.0,1,sgp,sgp60ksumesoX1.b1,sgp,X1,b1,1993-07-01,2013-09-01,False,False,149,,,,,,,,,,,,,,
kzr,K-band Zenith-pointing Radar,Cloud Properties,Precipitation,True,armobs; iop,False,2019-12-01,2020-06-12,,False,,,3,3.0,1,anx,anxmrrimprotooS2.a1,anx,S2,a1,2019-12-01,2020-06-12,True,False,241,,,,,,,,,,,,,,"the KAZR handbook is the Ka-band (35 GHz) zenith radar; kzr is K-band, 18-27 GHz, including the Micro Rain Radar"
landcover-sat,Landcover Derived From Satellite Data,Derived Quantities and Models; Surface/Subsurface Properties,,False,iop,False,,,,False,,,0,,0,,,,,,,,,False,0,,,,,,,,,,,,,,
landsat,Landsat Thematic Mapper (TM),Satellite Observations; Surface/Subsurface Properties,,False,extobs,False,,,,False,,,0,,0,,,,,,,,,False,0,,,,,,,,,,,,,,
lase,LASE-airborne Dial System,Aerosols; Airborne Observations; Atmospheric Profiling,,False,iop,False,,,,False,,,0,,0,,,,,,,,,False,0,,,,,,,,,,,,,,
lasso,LES ARM Symbiotic Simulation and Observation (LASSO),Derived Quantities and Models,Atmospheric moisture; Atmospheric pressure; Atmospheric temperature; Cloud base height; Cloud fraction; Convection,False,armderiv; armmod; evalderiv,True,1989-12-31,2026-09-23,https://www.arm.gov/publications/tech_reports/doe-sc-arm-tr-216.pdf,True,https://www.arm.gov/publications/tech_reports/doe-sc-arm-tr-216.pdf,,296,110.0,2,"ena,sgp",sgplassohighfreqobsC1.c1,sgp,C1,c1,2017-04-03,2019-09-29,True,False,197,,,,,,,,,,,,,,
lasso-wrfhydro,WRF-Hydro Simulation Product for LASSO-CACTI Soil Conditions,Derived Quantities and Models,Soil moisture; Soil temperature,False,armmod,False,2018-08-01,2019-03-21,,False,,,2,2.0,1,cor,corlasso-wrfhydro-era5landd2-baseM1.m0,cor,M1,m0,2018-08-01,2019-03-21,True,False,111,,,,,,,,,,,,,,
lbl,Line-By-Line Radiative Transfer Model,Atmospheric Profiling; Radiometric,Longwave spectral radiance,False,armderiv,False,1993-12-08,2005-01-08,,False,,,19,19.0,1,sgp,sgplblch2trailerC1.c1,sgp,C1,c1,2001-04-02,2005-01-08,True,False,437,,,,,,,,,,,,,,
lbtm-minnis,Minnis Cloud Products Using LBTM Algorithm,Cloud Properties; Satellite Observations,Atmospheric temperature; Cloud fraction; Cloud location; Cloud optical depth; Cloud size; Cloud top height,False,extderiv; iop,False,1994-04-05,2003-08-31,,False,,,11,11.0,2,"sgp,twp",sgpgoes8minnis-acfX1.c1,sgp,X1,c1,1995-07-15,2003-03-31,True,False,420,,,,,,,,,,,,,,
lcbh-hsrlmpl,liquid cloud base height from hsrl and mpl algorithms,Cloud Properties,,False,iop,False,,,,False,,,0,,0,,,,,,,,,False,243,,,,,,,,,,,,,,
lclheight,Lifting Condensation Level Height,Derived Quantities and Models,Convection,False,armderiv,False,2017-01-01,2023-06-01,https://www.arm.gov/publications/tech_reports/doe-sc-arm-tr-242.pdf,True,https://www.arm.gov/publications/tech_reports/doe-sc-arm-tr-242.pdf,,1,1.0,1,sgp,sgplclC1.c1,sgp,C1,c1,2017-01-01,2023-06-01,True,False,106,,,,,,,,,,,,,,
ldis,Laser Disdrometer,Surface Meteorology,Hydrometeor Size Distribution; Hydrometeor fall velocity; Hydrometeor size; Liquid water content; Precipitation; Snow depth,True,armobs; evalobs; iop,True,2014-01-01,2026-09-23,https://www.arm.gov/publications/tech_reports/handbooks/ldis_handbook.pdf,True,https://www.arm.gov/publications/tech_reports/handbooks/ldis_handbook.pdf,https://www.arm.gov/publications/tech_reports/handbooks/ldis_handbook.pdf,59,47.0,21,"acx,anx,asi,awr,bnf,cor,crg,dst,ena,epc,guc,hou",sgpldC1.b1,bnf,S10,b1,2025-04-30,2026-09-22,True,True,518,arm-instrument-ldis,sgpldC1.b1.20260919.000000.cdf,2026-09-23,Z Zhu; D Wang,DOE/SC-ARM-TR-137,September 2025,15.0,8.0,,True,,,,
ldquants,Laser Disdrometer Quantities,Surface Meteorology,Hydrometeor size; Liquid water content; Precipitation; Radar reflectivity,False,armderiv,True,2014-02-27,2026-09-22,https://www.arm.gov/publications/tech_reports/doe-sc-arm-tr-221.pdf,True,https://www.arm.gov/publications/tech_reports/doe-sc-arm-tr-221.pdf,,24,24.0,11,"bnf,cor,crg,dst,ena,epc,guc,hou,kcg,mao,sgp",bnfldquantsS30.c1,bnf,S30,c1,2024-10-01,2026-09-22,True,False,70,,,,,,,,,,,,,,
learjet,Lear Jet,Aerosols; Airborne Observations,,False,iop,False,,,,False,,,0,,0,,,,,,,,,False,0,,,,,,,,,,,,,,
lidar-dial,Dial Lidar,Aerosols; Atmospheric Profiling,,False,iop,False,,,,False,,,0,,0,,,,,,,,,False,0,,,,,,,,,,,,,,
lidaraeromask,aerosol feature mask,Aerosols,Aerosol image,False,evalderiv,False,2020-08-25,2023-06-15,,False,,,2,2.0,2,"guc,sgp",sgphsrlaeromaskS01.c1,sgp,S01,c1,2020-08-25,2021-05-12,True,False,616,,,,,,,,,,,,,,
linet-dlr,DLR Lightning Detection Network,Derived Quantities and Models,,False,iop,False,,,,False,,,0,,0,,,,,,,,,False,0,,,,,,,,,,,,,,
lssonde,Microwave Radiometer-Scaled Sonde Profiles,Derived Quantities and Models,Atmospheric moisture; Atmospheric pressure; Atmospheric temperature,False,armderiv,True,1994-04-11,2026-09-21,,False,,,6,6.0,2,"acx,sgp",sgplssondeC1.c1,sgp,C1,c1,1994-04-11,2026-09-21,True,False,350,,,,,,,,,,,,,,
maeri,Marine AERI,Atmospheric Profiling; Derived Quantities and Models; Ocean Observations; Radiometric,,False,iop,False,,,,False,,,0,,0,,,,,,,,,False,0,,,,,,,,,,,,,,
maps,Mesoscale Analysis and Prediction System,Derived Quantities and Models; Other,Atmospheric moisture; Atmospheric pressure; Atmospheric temperature; Horizontal wind; Vertical velocity,False,extderiv; extmod,False,1993-06-16,1994-10-15,,False,,,2,2.0,1,sgp,sgpallmaps60X1.c1,sgp,X1,c1,1993-06-16,1994-07-07,True,False,180,,,,,,,,,,,,,,
marinemet,Marine Surface Meteorological Instrumentation,Surface Meteorology,Atmospheric moisture; Atmospheric pressure; Atmospheric temperature; Horizontal wind; Precipitation,True,armobs; extobs; iop,False,2012-10-05,2018-03-23,https://www.arm.gov/publications/tech_reports/handbooks/met_handbook.pdf,False,,,4,3.0,2,"mag,mar",magmarinemet1sM1.b1,mar,X1,b1,2017-10-21,2018-03-23,True,False,110,arm-instrument-marinemet,magmarinemet1sM1.b1.20131006.000000.cdf,2026-09-24,J Kyrouac; M Tuftedal,DOE/SC-ARM-TR-086,June 2024,20,12,metwxt,True,,True,parent-system-level,
marineprecip,Marine Precipitation Instrumentation,Surface Meteorology,Precipitation,True,armobs,False,2017-10-29,2020-10-30,,False,,,2,2.0,2,"mar,mos",mosmarineprecipM1.b1,mos,M1,b1,2019-08-31,2020-10-30,True,False,102,,,,,,,,,,,,,,
masc,Multi-Angle Snowflake Camera,Surface Meteorology,Hydrometeor fall velocity; Hydrometeor image,True,armobs,True,2015-10-25,2026-09-22,https://www.arm.gov/publications/tech_reports/handbooks/masc_handbook.pdf,True,https://www.arm.gov/publications/tech_reports/handbooks/masc_handbook.pdf,https://www.arm.gov/publications/tech_reports/handbooks/masc_handbook.pdf,4,4.0,2,"nsa,oli",nsamascC1.b1,nsa,C1,b1,2018-10-23,2026-09-22,True,True,499,arm-instrument-masc,nsamascC1.b1.20260919.155142.nc,2026-09-23,M Stuefer; J Bailey,DOE/SC-ARM-TR-158,July 2016,26.0,14.0,,True,,,,
mascparticles,Multi-Angle Snowflake Camera Particle Analysis,Cloud Properties,Hydrometeor fall velocity; Hydrometeor size,False,armderiv,False,2015-11-01,2025-05-20,https://www.arm.gov/publications/tech_reports/doe-sc-arm-tr-187.pdf,True,https://www.arm.gov/publications/tech_reports/doe-sc-arm-tr-187.pdf,,4,4.0,2,"nsa,oli",nsamascparticlesavgC1.c1,nsa,C1,c1,2018-10-25,2025-05-09,True,False,144,,,,,,,,,,,,,,
maws,Automatic Weather Station,Surface Meteorology,Atmospheric moisture; Atmospheric pressure; Atmospheric temperature; Horizontal wind,True,armobs,True,2014-09-08,2026-09-23,https://www.arm.gov/publications/tech_reports/handbooks/maws_handbook.pdf,True,https://www.arm.gov/publications/tech_reports/handbooks/maws_handbook.pdf,https://www.arm.gov/publications/tech_reports/handbooks/maws_handbook.pdf,24,19.0,13,"anx,bnf,cor,crg,dst,ena,epc,guc,hou,kcg,nsa,oli",sgpmawsC1.b1,bnf,M1,b1,2024-10-01,2026-09-22,True,True,146,arm-instrument-maws,sgpmawsC1.b1.20260919.000007.nc,2026-09-23,E Keeler,DOE/SC-ARM-TR-195,July 2025,11.0,8.0,,True,,,,
merged-cldsizedistr,Merged Cloud Particle Size Distribution,Aerosols; Airborne Observations; Cloud Properties; Derived Quantities and Models; Radiometric,Cloud particle number concentration; Cloud particle size distribution,True,armderiv; armobs; evalderiv; iop,False,2016-04-25,2023-08-15,,False,,,5,3.0,3,"cor,ena,sgp",sgpaafmergedcldsdF1.c1,sgp,F1,c1,2016-04-25,2016-09-22,True,False,226,,,,,,,,,,,,,,
mergedaerosol,Merged Aerosol VAP,Aerosols,Aerosol concentration; Aerosol optical depth; Aerosol optical properties; Aerosol particle size distribution; Aerosol scattering; Carbon monoxide (CO) Concentration,False,evalderiv,False,2016-11-14,2025-06-30,https://www.arm.gov/publications/tech_reports/doe-sc-arm-tr-338.pdf,True,https://www.arm.gov/publications/tech_reports/doe-sc-arm-tr-338.pdf,,3,3.0,3,"epc,hou,sgp",sgpmergedaerosolE13.c1,sgp,E13,c1,2016-11-14,2025-06-30,True,False,339,,,,,,,,,,,,,,
mergedsmpsaps,merged size distribution from SMPS and APS,Aerosols,Aerosol concentration; Aerosol particle size; Aerosol particle size distribution,False,armderiv,True,2016-11-15,2026-09-22,https://www.arm.gov/publications/tech_reports/doe-sc-arm-tr-294.pdf,True,https://www.arm.gov/publications/tech_reports/doe-sc-arm-tr-294.pdf,,7,7.0,7,"bnf,crg,dst,ena,epc,hou,sgp",sgpmergedsmpsapsE13.c1,sgp,E13,c1,2016-11-15,2026-08-31,True,False,144,,,,,,,,,,,,,,
mergedsmpsapsml,"merged size distribution from SMPS and APS, Machine Learning",Aerosols,Aerosol concentration; Aerosol particle size; Aerosol particle size distribution; Model performance metric,False,evalderiv,True,2016-11-15,2026-07-31,,False,,,5,4.0,5,"bnf,crg,epc,hou,sgp",bnfmergedsmpsapsmlM1.c1,bnf,M1,c1,2024-11-25,2026-07-31,True,False,70,,,,,,,,,,,,,,
mergedsmpsuhsas,merged size distribution from SMPS and UHSAS,Aerosols,Aerosol concentration; Aerosol particle size; Aerosol particle size distribution,False,evalderiv,False,2022-11-01,2023-08-10,,False,,,1,1.0,1,ena,enamergedsmpsuhsasC1.c1,ena,C1,c1,2022-11-01,2023-08-10,True,False,145,,,,,,,,,,,,,,
mergesonde,Merged Sounding,Atmospheric Profiling,Atmospheric moisture; Atmospheric pressure; Atmospheric temperature; Horizontal wind,False,armderiv; evalderiv,False,1996-07-15,2015-06-29,https://www.arm.gov/publications/tech_reports/doe-sc-arm-tr-087.pdf,True,https://www.arm.gov/publications/tech_reports/doe-sc-arm-tr-087.pdf,,15,15.0,9,"fkb,gan,grw,hfe,nim,nsa,pye,sgp,twp",sgpmergesonde1maceC1.c1,sgp,C1,c1,1996-07-15,2015-06-29,True,False,415,,,,,,,,,,,,,,
met,Surface Meteorological Instrumentation,Surface Meteorology,Atmospheric moisture; Atmospheric pressure; Atmospheric temperature; Horizontal wind; Precipitation; Visibility,True,armobs; extobs; iop,True,1993-06-29,2026-09-22,https://www.arm.gov/publications/tech_reports/handbooks/met_handbook.pdf,True,https://www.arm.gov/publications/tech_reports/handbooks/met_handbook.pdf,https://www.arm.gov/publications/tech_reports/handbooks/met_handbook.pdf,78,69.0,29,"anx,asi,awr,bnf,cor,crg,dst,ena,epc,fkb,gan,grw",nsametC1.b1,nsa,C1,b1,2003-10-31,2026-09-22,True,True,222,arm-instrument-met,nsametC1.b1.20260922.000000.cdf,2026-09-23,J Kyrouac; M Tuftedal,DOE/SC-ARM-TR-086,June 2024,20.0,12.0,,True,,,,
met-air,Meteorological Instrumentation aboard Aircraft,Airborne Observations; Atmospheric Profiling,Atmospheric moisture; Atmospheric pressure; Atmospheric temperature; Horizontal wind; Navigation variables; Vertical velocity,True,armobs; iop,True,2013-06-26,2026-09-23,https://www.arm.gov/publications/tech_reports/handbooks/doe-sc-arm-tr-260.pdf,True,https://www.arm.gov/publications/tech_reports/handbooks/doe-sc-arm-tr-260.pdf,,38,32.0,9,"acx,bnf,cor,ena,mao,nsa,oli,osc,sgp",bnfaaftrhU2.b1,bnf,U2,b1,2024-07-26,2026-09-13,True,True,133,arm-instrument-met-air,bnfaaftrhU2.b1.20260910.163628.nc,2026-09-23,A Matthews; L Goldberger,DOE/SC-ARM-TR-260,November 2020,13.0,4.0,"aimms20-air,gps,gustprobe-air",True,,,,
met-uas,Meteorological Instrumentation aboard Unmanned Aircraft Systems,Atmospheric Profiling,,False,evalobs; iop,False,,,,False,,,0,,0,,,,,,,,,False,0,,,,,,,,,,,,,,
mettwr,Surface and Tower Meteorological Instrumentation at NSA,Surface Meteorology,Atmospheric moisture; Atmospheric pressure; Atmospheric temperature; Horizontal wind; Precipitation; Visibility,True,armobs,False,1998-03-20,2003-10-25,https://www.arm.gov/publications/tech_reports/handbooks/mettwr_handbook.pdf,True,https://www.arm.gov/publications/tech_reports/handbooks/mettwr_handbook.pdf,https://www.arm.gov/publications/tech_reports/handbooks/mettwr_handbook.pdf,14,14.0,1,nsa,nsapwsC2.b1,nsa,C2,b1,2001-04-01,2003-10-25,True,True,312,arm-instrument-mettwr,nsapwsC2.b1.20031022.000000.cdf,2026-09-23,M.T. Ritsche,,January 2006,4.0,0.0,,True,,,,
metwxt,WXT520/530 Meteorological Instrument System,Surface Meteorology,Atmospheric moisture; Atmospheric pressure; Atmospheric temperature; Horizontal wind; Precipitation,True,armobs,True,2018-10-01,2026-09-23,https://www.arm.gov/publications/tech_reports/handbooks/met_handbook.pdf,False,,,11,9.0,6,"anx,bnf,cor,crg,dst,nsa",crgmetwxtM1.b1,bnf,S14,b1,2024-11-30,2026-09-22,True,False,162,arm-instrument-metwxt,crgmetwxtM1.b1.20251128.000000.nc,2026-09-24,J Kyrouac; M Tuftedal,DOE/SC-ARM-TR-086,June 2024,20,12,marinemet,True,,True,parent-system-level,
mfr,Multifilter Radiometer,Radiometric,Shortwave broadband total upwelling irradiance; Shortwave narrowband total upwelling irradiance,True,armobs; iop,True,1994-03-26,2026-09-23,https://www.arm.gov/publications/tech_reports/handbooks/mfr_handbook.pdf,True,https://www.arm.gov/publications/tech_reports/handbooks/mfrsr_handbook.pdf,https://www.arm.gov/publications/tech_reports/handbooks/mfr_handbook.pdf,58,36.0,18,"anx,asi,awr,bnf,cor,crg,dst,ena,epc,guc,hou,kcg",sgpmfr7nch25mC1.b1,bnf,S10,b1,2025-09-23,2026-08-20,True,True,424,arm-instrument-mfr,sgpmfr7nch25mC1.b1.20260920.070000.nc,2026-09-23,GB Hodges; JJ Michalsky,DOE/SC-ARM/TR-059,January 2011,20.0,10.0,nimfr,True,,,,
mfr-air,Multifilter Radiometer aboard aircraft,Airborne Observations; Radiometric,Shortwave broadband total upwelling irradiance; Shortwave narrowband total upwelling irradiance,True,armobs,False,2012-10-15,2016-09-10,https://www.arm.gov/publications/tech_reports/handbooks/mfr_handbook.pdf,False,,,2,2.0,1,sgp,sgpmfraafF2.b1,sgp,F2,b1,2012-10-15,2016-09-10,True,False,0,arm-instrument-mfr-air,sgpmfraafF2.b1.20160905.142406.nc,2026-09-24,GB Hodges; JJ Michalsky,DOE/SC-ARM/TR-059,January 2011,20,8,,True,,True,class-specific,
mfrirt,Multifilter Radiometer and Infrared Thermometer,Aerosols; Radiometric,Longwave broadband upwelling irradiance; Shortwave broadband total upwelling irradiance; Surface skin temperature,True,armobs,False,2001-04-01,2001-09-26,,False,,,3,3.0,1,sgp,sgpmfrirt25mC1.b1,sgp,C1,b1,2001-04-01,2001-09-26,False,False,143,,,,,,,,,,,,,,
mfrsr,Multifilter Rotating Shadowband Radiometer,Radiometric,Shortwave broadband diffuse downwelling irradiance; Shortwave broadband direct normal irradiance; Shortwave broadband total downwelling irradiance; Shortwave narrowband diffuse downwelling irradiance; Shortwave narrowband direct normal irradiance; Shortwave narrowband total downwelling irradiance,True,armobs; iop,True,1996-10-21,2026-09-23,https://www.arm.gov/publications/tech_reports/handbooks/mfrsr_handbook.pdf,True,https://www.arm.gov/publications/tech_reports/handbooks/mfrsr_handbook.pdf,https://www.arm.gov/publications/tech_reports/handbooks/mfrsr_handbook.pdf,259,160.0,29,"anx,asi,awr,bnf,cor,crg,dst,ena,epc,fkb,gan,grw",sgpmfrsr7nchC1.b1,sgp,C1,b1,2021-05-07,2026-09-23,True,True,214,arm-instrument-mfrsr,sgpmfrsr7nchC1.b1.20260922.070000.nc,2026-09-23,GB Hodges; JJ Michalsky,DOE/SC-ARM-TR-144,March 2016,21.0,12.0,gndmfr,True,,,,
mfrsr-wv1barn,MFRSR Water-Vapor Barnard Algorithm,Aerosols; Atmospheric Profiling,,False,iop,False,,,,False,,,0,,0,,,,,,,,,False,0,,,,,,,,,,,,,,
mfrsr-wv1mich,MFRSR-WV-Michalsky1,Atmospheric Profiling,,False,iop,False,,,,False,,,0,,0,,,,,,,,,False,0,,,,,,,,,,,,,,
mfrsrcip,MFRSR Column Intensive Properties,Aerosols,Aerosol optical properties,False,armderiv; evalderiv,True,2011-01-01,2026-09-23,,False,,,5,1.0,3,"nsa,sgp,twp",sgpmfrsrcipE13.c1,sgp,E13,c1,2011-01-01,2011-12-30,True,False,2003,,,,,,,,,,,,,,
mfrsrcldod,Cloud Optical Properties from MFRSR Using Min Algorithm,Aerosols; Radiometric,Cloud effective radius; Cloud optical depth,False,armderiv,False,1997-01-09,2026-09-23,https://www.arm.gov/publications/tech_reports/doe-sc-arm-tr-047.pdf,True,https://www.arm.gov/publications/tech_reports/doe-sc-arm-tr-047.pdf,,57,51.0,19,"asi,bnf,cor,ena,epc,fkb,gan,grw,guc,hfe,hou,mao",sgpmfrsrcldod1minE13.c1,sgp,E13,c1,1997-08-27,2026-05-06,True,False,193,,,,,,,,,,,,,,
microbase,Continuous Baseline Microphysical Retrieval,Cloud Properties,Cloud effective radius; Cloud fraction; Ice water content; Liquid water content,False,armderiv; evalderiv; extderiv,False,1996-11-08,2026-06-21,https://www.arm.gov/publications/tech_reports/doe-sc-arm-tr-095.pdf,True,https://www.arm.gov/publications/tech_reports/doe-sc-arm-tr-095.pdf,,28,28.0,12,"anx,asi,ena,epc,gan,guc,hou,mao,nsa,pvc,sgp,twp",sgpmicrobaseC1.c1,sgp,C1,c1,2011-01-18,2026-06-21,True,False,465,,,,,,,,,,,,,,
microbaseen,Microbase Ensemble Data Products,Cloud Properties,Cloud effective radius; Ice water content; Liquid water content,False,evalderiv,False,2000-03-01,2000-03-31,,False,,,1,1.0,1,sgp,sgpmicrobaseenC1.c1,sgp,C1,c1,2000-03-01,2000-03-31,True,False,1030,,,,,,,,,,,,,,
miniflux-air,NOAA/University of Colorado miniFlux sensor suite on airborne platform ,Airborne Observations,,False,iop,False,,,,False,,,0,,0,,,,,,,,,False,108,,,,,,,,,,,,,,
mir,Millimeter-wave Imaging Radiometer,Atmospheric Profiling; Radiometric,,False,iop,False,,,,False,,,0,,0,,,,,,,,,False,0,,,,,,,,,,,,,,
mirai,JAMSTEC Research Vessel Mirai,Atmospheric Profiling; Cloud Properties; Ocean Observations; Radiometric; Surface Meteorology,,False,iop,False,,,,False,,,0,,0,,,,,,,,,False,236,,,,,,,,,,,,,,
mmcg,Precipitation Radar Moments Mapped to a Cartesian Grid,Cloud Properties,Radar Doppler; Radar reflectivity,False,evalderiv,False,2011-08-18,2019-04-05,https://www.arm.gov/publications/tech_reports/doe-sc-arm-tr-243.pdf,True,https://www.arm.gov/publications/tech_reports/doe-sc-arm-tr-243.pdf,,2,1.0,1,sgp,sgpxsaprmmcgI5.c1,sgp,I5,c1,2017-10-01,2019-04-05,True,False,301,,,,,,,,,,,,,,
mmcr,Millimeter Wavelength Cloud Radar,Cloud Properties,Radar Doppler; Radar reflectivity; Vertical velocity,True,armobs; extobs; iop,False,1996-11-07,2021-06-04,https://www.arm.gov/publications/tech_reports/handbooks/mmcr_handbook.pdf,True,https://www.arm.gov/publications/tech_reports/handbooks/mmcr_handbook.pdf,https://www.arm.gov/publications/tech_reports/handbooks/mmcr_handbook.pdf,38,38.0,5,"nsa,sgp,smt,twp,yeu",sgpmmcrmomC1.b1,sgp,C1,b1,2003-09-27,2011-01-04,False,True,209,arm-instrument-mmcr,sgpmmcrmomC1.b1.20110101.000011.cdf,2026-09-23,K. Johnson,ARM TR-018,January 2005,22.0,14.0,,True,,,,
mmcr94miami,University of Miami 94GHz MMCR,Cloud Properties,,False,iop,False,,,,False,,,0,,0,,,,,,,,,False,0,,,,,,,,,,,,,,
mmcr94psu,Penn State 94GHz MMCR,Cloud Properties,,False,iop,False,,,,False,,,0,,0,,,,,,,,,False,0,,,,,,,,,,,,,,
mmcrmode,"MMCR mode moments, derived by ARSCL process",Cloud Properties,Cloud base height; Radar Doppler; Radar reflectivity; Vertical velocity,False,armderiv,False,1996-11-08,2011-03-23,,False,,,76,76.0,3,"nsa,sgp,twp",sgpmmcrmode4pr200804181clothC1.c1,sgp,C1,c1,2008-04-18,2011-01-04,True,False,153,,,,,,,,,,,,,,
mmwr,Millimeter Wave Radiometer,Atmospheric Profiling,,False,iop,False,,,,False,,,0,,0,,,,,,,,,False,0,,,,,,,,,,,,,,
molts,Model Output Location Time Series,Derived Quantities and Models,Atmospheric moisture; Atmospheric pressure; Atmospheric temperature; Atmospheric turbulence; Cloud fraction; Horizontal wind,False,extobs,False,1997-05-31,2013-07-31,,False,,,10,10.0,3,"nsa,pye,sgp",sgpmoltsedassndclass1X1.a1,sgp,X1,a1,1997-06-01,2013-07-31,False,False,361,,,,,,,,,,,,,,
monitorinst,sensors for providing instrument system monitoring,Other,,True,armobs; evalobs; iop,True,2021-10-01,2026-09-23,,False,,,9,5.0,5,"bnf,crg,dst,epc,hou",bnfaosptrhM1.b1,bnf,M1,b1,2024-09-03,2026-09-22,True,False,108,,,,,,,,,,,,,,
mpl,Micropulse Lidar,Aerosols; Cloud Properties,Aerosol concentration; Aerosol extinction; Aerosol optical depth; Backscatter depolarization ratio; Backscattered radiation; Cloud base height,True,armobs; evalobs; extobs; iop,True,1996-03-12,2026-09-23,https://www.arm.gov/publications/tech_reports/handbooks/mpl_handbook.pdf,True,https://www.arm.gov/publications/tech_reports/handbooks/mpl_handbook.pdf,https://www.arm.gov/publications/tech_reports/handbooks/mpl_handbook.pdf,67,58.0,34,"acx,anx,asi,awr,bnf,cor,crg,dst,ena,epc,fkb,gan",sgpminimplC1.b1,sgp,C1,b1,2025-11-21,2026-07-27,True,True,692,arm-instrument-mpl,sgpminimplC1.b1.20260724.000003.nc,2026-09-23,P Muradyan; R Coulter,DOE/SC-ARM-TR-019,March 2020,20.0,16.0,,True,,,,
mpl-air,Micropulse Lidar- Airborne,Aerosols; Airborne Observations; Cloud Properties,,False,iop,False,,,,False,,,0,,0,,,,,,,,,False,0,,,,,,,,,,,,,,
mplavg,"MPL: data averaged to fixed 30 second interval, e.g. for polarized data",Cloud Properties,Cloud base height,False,armderiv,False,2006-06-23,2011-08-17,,False,,,16,16.0,6,"fkb,grw,hfe,nsa,sgp,twp",sgpmplpolavgC1.c1,sgp,C1,c1,2006-06-23,2010-05-31,True,False,153,,,,,,,,,,,,,,
mplcal,Full resolution profiles of MPL relative backscatter and related fields,Cloud Properties,Backscattered radiation,False,evalderiv,False,2015-01-16,2021-04-18,,False,,,1,1.0,1,sgp,sgpmplcalC1.c1,sgp,C1,c1,2015-01-16,2021-04-18,True,False,163,,,,,,,,,,,,,,
mplcbh,Cloud Base Height from MPL Using Scott-Spinhirne Algorithm,Cloud Properties,Cloud base height,False,armderiv,False,1994-04-10,2001-03-10,,False,,,2,2.0,2,"sgp,twp",sgpmplcbh1scottC1.c1,sgp,C1,c1,1994-04-10,2001-03-10,True,False,92,,,,,,,,,,,,,,
mplcmask,Cloud mask from Micropulse Lidar,Cloud Properties,Backscatter depolarization ratio; Backscattered radiation; Cloud base height; Cloud location; Cloud top height,False,armderiv,True,1998-05-22,2026-09-22,https://www.arm.gov/publications/tech_reports/doe-sc-arm-tr-098.pdf,True,https://www.arm.gov/publications/tech_reports/doe-sc-arm-tr-098.pdf,,31,31.0,27,"acx,anx,asi,awr,bnf,cor,crg,dst,ena,epc,fkb,gan",bnf30smplcmask1zwangM1.c1,bnf,M1,c1,2024-09-20,2026-09-22,True,False,222,,,,,,,,,,,,,,
mplcmaskml,Micropulse Lidar Cloud Mask Machine Learning VAP,Cloud Properties,Cloud base height; Cloud location; Cloud top height,False,armderiv,True,2010-07-10,2026-09-22,https://www.arm.gov/publications/tech_reports/doe-sc-arm-tr-274.pdf,True,https://www.arm.gov/publications/tech_reports/doe-sc-arm-tr-274.pdf,,12,12.0,11,"anx,awr,cor,ena,epc,guc,hou,kcg,nsa,oli,sgp",sgpmplcmaskmlC1.c1,sgp,C1,c1,2010-07-10,2026-09-22,True,False,625,,,,,,,,,,,,,,
mplcod,Micropulse Lidar Cloud Optical Depth,Cloud Properties,,False,evalderiv,False,1999-05-01,2004-05-14,,False,,,1,,1,sgp,,,,,,,,False,193,,,,,,,,,,,,,,
mplnor,Normalized Backscatter Profiles from the Micropulse Lidar,Cloud Properties,Backscattered radiation; Cloud base height; Cloud top height,False,armderiv,False,1996-05-01,2004-05-11,,False,,,2,2.0,2,"sgp,twp",sgpmplnor1campC1.c1,sgp,C1,c1,1996-05-01,2004-05-11,True,False,240,,,,,,,,,,,,,,
mplpolfsshipcor,MPL Corrected for Ship Motion,Cloud Properties,Lidar polarization,False,evalderiv,False,2012-12-13,2019-04-22,,False,,,4,3.0,4,"acx,mag,mar,mos",marmplpolfsshipcorM1.c1,mar,M1,c1,2017-10-29,2018-03-24,True,False,128,,,,,,,,,,,,,,
msems,Miniatured Scanning Electrical Mobility Sizer,Aerosols,Aerosol concentration; Aerosol particle size distribution,True,armobs,True,2025-11-10,2026-09-23,https://www.arm.gov/publications/tech_reports/handbooks/doe-sc-arm-tr-310.pdf,False,,,4,2.0,1,bnf,bnfminiaosmsemsM1.a1,bnf,M1,a1,2025-11-14,2026-07-02,True,False,287,arm-instrument-msems,bnfminiaosmsemsM1.a1.20260629.000002.nc,2026-09-24,F Mei,DOE/SC-ARM-TR-310,October 2024,12,4,,True,,True,class-specific,
msems-air,ARM Aerial Facility (AAF) Miniaturized Scanning Electrical Mobility Sizer ,Aerosols; Airborne Observations,Aerosol concentration; Aerosol particle size distribution,True,armobs,False,2023-06-15,2025-06-20,https://www.arm.gov/publications/tech_reports/handbooks/doe-sc-arm-tr-310.pdf,True,https://www.arm.gov/publications/tech_reports/handbooks/doe-sc-arm-tr-310.pdf,,4,4.0,2,"bnf,sgp",bnfaafmsemsU2.b1,bnf,U2,b1,2025-03-12,2025-06-11,True,True,296,arm-instrument-msems-air,bnfaafmsemsU2.b1.20250610.162539.nc,2026-09-23,F Mei,DOE/SC-ARM-TR-310,October 2024,12.0,4.0,smps-air,True,,,,
mti,Multispectral Thermal Imager,Satellite Observations; Surface/Subsurface Properties,,False,extobs,False,,,https://www.arm.gov/publications/tech_reports/handbooks/doe-sc-arm-tr-281.pdf,True,https://www.arm.gov/publications/tech_reports/handbooks/doe-sc-arm-tr-281.pdf,,0,,0,,,,,,,,,False,0,,,,,,,,,,,,,,
mtsat,Multi-Functional Transport Satellite,Satellite Observations,Longwave narrowband radiance; Shortwave broadband radiance,False,extobs,False,2005-07-14,2015-12-04,,False,,,2,2.0,2,"hfe,twp",twpmtsatX1.a1,twp,X1,a1,2005-07-14,2015-12-04,True,False,453,,,,,,,,,,,,,,
mwacr,Marine W-Band (95 GHz) ARM Cloud Radar,Cloud Properties,Radar Doppler; Radar polarization; Radar reflectivity,True,armobs,False,2012-11-01,2025-09-15,https://www.arm.gov/publications/tech_reports/handbooks/wacr_handbook.pdf,False,,,26,21.0,7,"acx,awr,kcg,mag,mar,mos,tmp",kcgmwacrcfrqcM1.b1,mos,M1,b1,2019-10-05,2020-10-01,True,False,435,arm-instrument-mwacr,kcgmwacrcfrqcM1.b1.20250427.110001.nc,2026-09-24,K. B. Widener; K. Johnson,ARM-TR-073,April 2006,17,11,swacr,True,,True,parent-system-level,
mwacrarscl,"Marine W-band ARM Cloud Radar, Active Remote Sensing of Clouds",Cloud Properties,Cloud base height; Cloud top height; Radar Doppler; Radar polarization; Radar reflectivity,False,evalderiv,False,2017-10-29,2020-09-30,,False,,,4,4.0,2,"mar,mos",mararsclwacrbnd1kolliasshpM1.c1,mar,M1,c1,2017-10-29,2018-03-24,True,False,84,,,,,,,,,,,,,,
mwacrshipcor,MWACR Ship Motion Correction,Cloud Properties,Radar Doppler; Radar reflectivity,False,evalderiv,False,2012-11-01,2018-03-24,,False,,,4,4.0,3,"acx,mag,mar",marmwacrshipcorM1.c1,mar,M1,c1,2017-10-29,2018-03-24,True,False,207,,,,,,,,,,,,,,
mwr,Microwave Radiometer,Atmospheric Profiling; Cloud Properties; Radiometric,Liquid water path; Microwave narrowband brightness temperature; Precipitable water,True,armobs; extobs; iop,True,1993-07-21,2026-09-22,https://www.arm.gov/publications/tech_reports/handbooks/mwr_handbook.pdf,True,https://www.arm.gov/publications/tech_reports/handbooks/mwr_handbook.pdf,https://www.arm.gov/publications/tech_reports/handbooks/mwr_handbook.pdf,124,115.0,31,"acx,anx,asi,awr,bnf,cor,crg,epc,fkb,gan,grw,guc",sgpmwrlosC1.b1,sgp,C1,b1,1993-07-21,2026-09-22,True,True,316,arm-instrument-mwr,sgpmwrlosC1.b1.20260922.000000.cdf,2026-09-23,VR Morris,DOE/SC-ARM-TR-016,April 2019,23.0,16.0,,True,,,,
mwr-etl,Microwave Radiometer - ETL,Atmospheric Profiling,,False,iop,False,,,,False,,,0,,0,,,,,,,,,False,0,,,,,,,,,,,,,,
mwr-jpl,JPL Microwave Radiometer,Atmospheric Profiling,,False,iop,False,,,,False,,,0,,0,,,,,,,,,False,0,,,,,,,,,,,,,,
mwr3c,"Microwave Radiometer, 3 Channel",Cloud Properties; Radiometric,Liquid water path; Microwave narrowband brightness temperature; Precipitable water,True,armobs; iop,True,2011-01-11,2026-09-23,https://www.arm.gov/publications/tech_reports/handbooks/mwr3c_handbook.pdf,True,https://www.arm.gov/publications/tech_reports/handbooks/doe-sc-arm-tr-300.pdf,https://www.arm.gov/publications/tech_reports/handbooks/mwr3c_handbook.pdf,60,53.0,23,"acx,anx,asi,bnf,crg,dst,ena,epc,gan,guc,hou,kcg",sgpmwr3cC1.b1,bnf,S20,b1,2024-10-01,2026-09-22,True,True,256,arm-instrument-mwr3c,sgpmwr3cC1.b1.20260919.000000.nc,2026-09-23,MP Cadeddu,DOE/SC-ARM-TR-108,February 2021,24.0,6.0,,True,,,,
mwravg,Microwave Radiometer Averages in 1- and 5-Minute Increments,Derived Quantities and Models,Liquid water path; Microwave narrowband brightness temperature; Precipitable water,False,armderiv,False,1993-10-09,2007-06-04,,False,,,11,11.0,3,"nsa,sgp,twp",sgp5mwravgC1.c1,sgp,C1,c1,1993-10-09,2007-06-04,True,False,101,,,,,,,,,,,,,,
mwrhf,Microwave Radiometer - High Frequency,Radiometric,Microwave narrowband brightness temperature,True,armobs,False,2006-11-03,2024-02-14,https://www.arm.gov/publications/tech_reports/handbooks/mwrhf_handbook.pdf,True,,https://www.arm.gov/publications/tech_reports/handbooks/mwrhf_handbook.pdf,35,31.0,13,"anx,asi,cor,epc,fkb,grw,hfe,hou,mao,nsa,pgh,pvc",sgpmwrhfC1.b1,sgp,C1,b1,2006-11-03,2013-11-26,True,True,249,arm-instrument-mwrhf,sgpmwrhfC1.b1.20131123.000000.cdf,2026-09-23,MP Cadeddu,DOE/SC-ARM-TR-080,March 2011,20.0,9.0,,True,,,,
mwrp,Microwave Radiometer Profiler,Atmospheric Profiling; Cloud Properties; Radiometric,Atmospheric moisture; Atmospheric pressure; Atmospheric temperature; Cloud base height; Convection; Liquid water content,True,armobs; evalobs; iop,False,2004-02-19,2025-07-12,https://www.arm.gov/publications/tech_reports/handbooks/mwrp_handbook.pdf,True,,https://www.arm.gov/publications/tech_reports/handbooks/mwrp_handbook.pdf,15,14.0,13,"anx,asi,cor,ena,fkb,grw,hfe,mao,nim,nsa,pgh,pvc",nsamwrpC1.b1,nsa,C1,b1,2004-02-19,2023-09-28,True,True,231,arm-instrument-mwrp,nsamwrpC1.b1.20230926.000814.cdf,2026-09-23,MP Cadeddu; J Liljegren,DOE/SC-ARM-TR-057,March 2018,18.0,11.0,,True,,,,
mwrret,MWR Retrievals,Cloud Properties; Derived Quantities and Models; Radiometric,Liquid water path; Precipitable water,False,armderiv; evalderiv; iop,True,1996-09-01,2026-09-17,https://www.arm.gov/publications/tech_reports/doe-sc-arm-tr-081.2.pdf,True,https://www.arm.gov/publications/tech_reports/doe-sc-arm-tr-081.2.pdf,,79,77.0,27,"anx,asi,awr,bnf,cor,crg,epc,fkb,gan,grw,guc,hfe",sgpmwrret1liljclouC1.c1,sgp,C1,c1,2011-01-01,2026-09-17,True,False,358,,,,,,,,,,,,,,
mwrretv2,MWR Retrievals with MWRRET Version 2,Cloud Properties; Derived Quantities and Models; Radiometric,Liquid water path; Precipitable water,False,armderiv,False,2011-10-01,2026-09-23,https://www.arm.gov/publications/tech_reports/doe-sc-arm-tr-245.pdf,True,https://www.arm.gov/publications/tech_reports/doe-sc-arm-tr-245.pdf,,19,15.0,10,"bnf,crg,ena,epc,guc,hou,kcg,nsa,oli,sgp",bnfmwrret2turnS20.c1,bnf,S20,c1,2024-09-09,2026-04-30,True,False,354,,,,,,,,,,,,,,
nanodrone-air,Nanodrones for atmospheric monitoring,Airborne Observations; Atmospheric Profiling,,False,iop,False,,,,False,,,0,,0,,,,,,,,,False,114,,,,,,,,,,,,,,
nav,Navigational Location and Attitude,Ocean Observations,Navigation variables,True,armobs; iop,False,2012-10-01,2020-09-30,https://www.arm.gov/publications/tech_reports/handbooks/doe-sc-arm-tr-236.pdf,True,https://www.arm.gov/publications/tech_reports/handbooks/doe-sc-arm-tr-236.pdf,,5,5.0,4,"acx,mag,mar,mos",mosnavM1.a1,mos,M1,a1,2019-10-11,2020-09-30,True,True,180,arm-instrument-nav,mosnavM1.a1.20200927.000000.nc,2026-09-23,SM Walton,DOE/SC-ARM-TR-236,December 2019,18.0,10.0,nav-air,True,,,,
nav-air,"Navigational Location, Motion, and Attitude for Airborne Platforms",Airborne Observations,Atmospheric pressure; Atmospheric temperature; Horizontal wind; Navigation variables,True,armobs,True,2013-06-24,2026-09-23,https://www.arm.gov/publications/tech_reports/handbooks/doe-sc-arm-tr-236.pdf,True,https://www.arm.gov/publications/tech_reports/handbooks/doe-sc-arm-tr-236.pdf,,53,46.0,9,"acx,bnf,cor,ena,mao,nsa,oli,osc,sgp",bnfaafnavU2.b1,bnf,U2,b1,2024-07-26,2026-09-13,True,True,237,arm-instrument-nav-air,bnfaafnavU2.b1.20260910.163627.nc,2026-09-23,SM Walton,DOE/SC-ARM-TR-236,December 2019,18.0,14.0,nav,True,,,,
navbe,Navigational Location and Attitude Best Estimate,Ocean Observations,Navigation variables,False,evalderiv,False,2012-10-01,2018-03-26,,False,,,7,6.0,3,"acx,mag,mar",marnavbeM1.c1,mar,M1,c1,2017-10-29,2018-03-25,True,False,932,,,,,,,,,,,,,,
navmet-air,Navigation and Met Data from multiple sensors on airborne platform,Airborne Observations; Derived Quantities and Models,Atmospheric moisture; Atmospheric pressure; Atmospheric temperature; Horizontal wind; Navigation variables; Vertical velocity,True,armderiv; armobs,False,2013-07-15,2023-08-05,,False,,,9,7.0,7,"acx,cor,ena,mao,nsa,osc,sgp",sgpaafnaviwgF1.c1,sgp,F1,c1,2016-04-25,2016-09-22,True,False,176,,,,,,,,,,,,,,the nav handbook (TR-236) documents ship-borne INS with no airborne or meteorological content
ncepgfs,National Centers for Environment Prediction Global Forecast System,Derived Quantities and Models,Advective tendency; Atmospheric moisture; Atmospheric pressure; Atmospheric temperature; Atmospheric turbulence; Cloud base height,False,extmod,False,2001-01-01,2010-07-26,,False,,,55,55.0,8,"fkb,grw,hfe,nim,nsa,pye,sgp,twp",sgpncepgfszprofX1.c1,sgp,X1,c1,2001-01-01,2010-07-26,True,False,153,,,,,,,,,,,,,,
ndrop,Droplet number concentration,Cloud Properties,Cloud particle number concentration; Liquid water path,False,armderiv,False,1998-01-01,2026-05-06,https://www.arm.gov/publications/tech_reports/doe-sc-arm-tr-140.pdf,True,https://www.arm.gov/publications/tech_reports/doe-sc-arm-tr-140.pdf,,6,6.0,5,"asi,ena,epc,grw,sgp",sgpndropmfrsrE13.c1,sgp,E13,c1,1999-01-01,2026-05-06,True,False,1276,,,,,,,,,,,,,,
nephelometer,Nephelometer,Aerosols,Aerosol backscattered radiation; Aerosol scattering,True,armderiv; armobs; extobs; iop,True,2010-10-04,2026-09-23,https://www.arm.gov/publications/tech_reports/handbooks/nephelometer_handbook.pdf,True,https://www.arm.gov/publications/tech_reports/handbooks/doe-sc-arm-tr-248.pdf,https://www.arm.gov/publications/tech_reports/handbooks/nephelometer_handbook.pdf,153,123.0,23,"acx,anx,asi,awr,bnf,cor,crg,dst,ena,epc,guc,hou",pvcaosnephwetM1.c1,pvc,M1,c1,2012-07-16,2013-06-24,True,True,417,arm-instrument-nephelometer,pvcaosnephwetM1.c1.20130621.000000.cdf,2026-09-23,J Uin,,,16.0,10.0,,True,,,,
nephelometer-air,3-Wavelength integrating nephelometer aboard aircraft,Aerosols; Airborne Observations,Aerosol backscattered radiation; Aerosol scattering,True,armobs; iop,True,2013-06-26,2026-09-23,https://www.arm.gov/publications/tech_reports/handbooks/doe-sc-arm-tr-248.pdf,True,https://www.arm.gov/publications/tech_reports/handbooks/doe-sc-arm-tr-248.pdf,,21,17.0,8,"acx,cor,ena,mao,nsa,oli,osc,sgp",nsaaafneph10sF1.b1,nsa,F1,b1,2015-06-01,2015-10-01,True,True,128,arm-instrument-nephelometer-air,nsaaafneph10sF1.b1.20150930.180955.nc,2026-09-23,J Uin; L Goldberger,DOE/SC-ARM-TR-248,June 2020,16.0,12.0,,True,,,,
nfov,Narrow Field of View Zenith Radiometer,Cloud Properties; Radiometric,Shortwave narrowband radiance; Shortwave spectral total downwelling irradiance,True,armobs; iop,True,2000-03-08,2026-09-23,https://www.arm.gov/publications/tech_reports/handbooks/nfov_handbook.pdf,True,,https://www.arm.gov/publications/tech_reports/handbooks/nfov_handbook.pdf,20,18.0,15,"anx,asi,cor,crg,dst,epc,fkb,grw,hfe,hou,mao,pgh",sgpnfovC1.b1,sgp,C1,b1,2001-04-01,2007-06-14,True,True,344,arm-instrument-nfov,sgpnfovC1.b1.20070611.181317.cdf,2026-09-23,C. Chiu; A. Marshak; G. Hodges; J.C. Barnard; J. Schmelzer,DOE/SC-ARM/TR-060,November 2008,12.0,7.0,,True,,,,
ngm,Nested Grid Model,Derived Quantities and Models,Atmospheric pressure,False,extmod,False,1993-10-09,1994-06-01,,False,,,1,1.0,1,sgp,sgpngm250X1.c1,sgp,X1,c1,1993-10-09,1994-06-01,True,False,122,,,,,,,,,,,,,,
nimfr,Normal Incidence Multifilter Radiometer,Aerosols; Radiometric,Aerosol optical depth; Shortwave broadband direct normal irradiance; Shortwave narrowband direct normal irradiance,True,armderiv; armobs,True,1997-10-16,2026-09-23,https://www.arm.gov/publications/tech_reports/handbooks/nimfr_handbook.pdf,True,,https://www.arm.gov/publications/tech_reports/handbooks/nimfr_handbook.pdf,19,15.0,3,"nsa,sgp,shb",sgpnimfr7nchlangplotC1.c1,sgp,C1,c1,2021-09-23,2026-09-21,True,True,160,arm-instrument-nimfr,sgpnimfr7nchlangplotC1.c1.20260918.215624.nc,2026-09-23,GB Hodges; JJ Michalsky,DOE/SC-ARM/TR-059,January 2011,20.0,9.0,mfr,True,,,,
nip,Normal Incident Pyrheliometer,Radiometric,,False,iop,False,,,,False,,,0,,0,,,,,,,,,False,0,,,,,,,,,,,,,,
noaa-flux-twr,NOAA ATDD Flux Tower,Radiometric; Surface Meteorology; Surface/Subsurface Properties,,False,iop,False,,,,False,,,0,,0,,,,,,,,,False,143,,,,,,,,,,,,,,
noaa-p3,NOAA P-3 Aircraft,Airborne Observations,,False,iop,False,,,,False,,,0,,0,,,,,,,,,False,0,,,,,,,,,,,,,,
noaacrn,NOAA Climate Reference Network,Surface Meteorology,Atmospheric temperature; Precipitation; Surface skin temperature,False,extobs,True,2002-03-12,2026-09-22,,False,,,2,2.0,2,"nsa,sgp",sgp60noaacrnX1.b1,sgp,X1,b1,2002-03-12,2026-09-22,True,False,247,,,,,,,,,,,,,,
noaarad,NOAA/ESRL/GMD Radiometers,Radiometric,Longwave broadband downwelling irradiance; Longwave broadband upwelling irradiance; Shortwave broadband diffuse downwelling irradiance; Shortwave broadband direct normal irradiance; Shortwave broadband total downwelling irradiance; Shortwave broadband total upwelling irradiance,False,extobs,False,1993-07-01,2017-09-23,,False,,,1,1.0,1,nsa,nsanoaaradbrwX1.b1,nsa,X1,b1,1993-07-01,2017-09-23,True,False,199,,,,,,,,,,,,,,
noaasurf,"NOAA Surface Meteorology Data, collected by NWS and NCDC",Surface Meteorology,Atmospheric moisture; Atmospheric pressure; Atmospheric temperature; Cloud base height; Cloud fraction; Horizontal wind,False,extobs,False,1993-07-01,1996-06-30,,False,,,1,1.0,1,sgp,sgp60nwssurfX1.a1,sgp,X1,a1,1993-07-01,1996-06-30,True,False,200,,,,,,,,,,,,,,
normetrdmos,Norwegian Meteorological Institute multi-radar mosaic,Surface Meteorology,Precipitation; Radar polarization; Radar reflectivity,False,extobs,False,2019-12-01,2020-05-31,,False,,,3,2.0,1,anx,anxnormetrdandX10.a1,anx,X10,a1,2019-12-01,2020-05-31,True,False,109,,,,,,,,,,,,,,
normetsonde,Norwegian Meteorological Institute Sounding System and Station,Atmospheric Profiling,,True,armobs; iop,False,2020-01-01,2020-01-31,,False,,,2,,1,anx,,,,,,,,False,145,,,,,,,,,,,,,,
nox,Nitrogen Oxides Monitor,Other,Nitrogen oxides,True,armobs; extobs; iop,False,2012-06-24,2026-05-05,,False,,,11,9.0,5,"anx,asi,crg,mao,pvc",crgaoscapsnoxS2.b2,crg,S2,b2,2024-12-19,2025-12-03,True,False,76,,,,,,,,,,,,,,the AOS handbook contains no nitrogen-oxides content at all
nox-air,Nitrogen Oxides Monitor aboard Aircraft,Airborne Observations; Other,,False,iop,False,,,,False,,,0,,0,,,,,,,,,False,95,,,,,,,,,,,,,,
npol,NASA N-POL Polarimetric Radar System,Atmospheric Profiling; Cloud Properties,,False,iop,False,,,,False,,,0,,0,,,,,,,,,False,0,,,,,,,,,,,,,,
nwsupa,National Weather Service Upper Air Measurements,Atmospheric Profiling,Atmospheric moisture; Atmospheric pressure; Atmospheric temperature; Horizontal wind,False,extobs,False,1996-03-31,2016-07-31,,False,,,8,8.0,2,"nsa,sgp",sgpnwsupa1sX13.b1,sgp,X13,b1,2010-06-21,2016-07-31,True,False,86,,,,,,,,,,,,,,
o3sonde,Ozone Sonde,Atmospheric Profiling,,False,iop,False,,,,False,,,0,,0,,,,,,,,,False,0,,,,,,,,,,,,,,
oacomp,Organic Aerosol Component,Aerosols,Aerosol composition,False,evalderiv,False,2011-01-08,2012-03-24,https://www.arm.gov/publications/tech_reports/doe-sc-arm-tr-131.pdf,True,https://www.arm.gov/publications/tech_reports/doe-sc-arm-tr-131.pdf,,1,1.0,1,sgp,sgpoacomp1zhangC1.c1,sgp,C1,c1,2011-01-08,2012-03-24,True,False,239,,,,,,,,,,,,,,
okm,Oklahoma Mesonet,Surface Meteorology,Atmospheric moisture; Atmospheric pressure; Atmospheric temperature; Horizontal wind; Precipitation; Shortwave broadband total downwelling irradiance,False,extobs,True,1994-01-01,2026-08-19,,False,,,5,5.0,1,sgp,sgp30okmX1.b1,sgp,X1,b1,1998-01-01,2026-08-19,True,False,229,,,,,,,,,,,,,,
okmsoil,Oklahoma Mesonet Soil Moisture,Surface/Subsurface Properties,Soil moisture,False,armderiv,False,1998-01-01,2020-10-22,https://www.arm.gov/publications/tech_reports/doe-sc-arm-tr-230.pdf,True,https://www.arm.gov/publications/tech_reports/doe-sc-arm-tr-230.pdf,,1,1.0,1,sgp,sgpokmsoilX1.c1,sgp,X1,c1,1998-01-01,2020-10-22,True,False,308,,,,,,,,,,,,,,
omi,Ozone Monitoring Instrument,Satellite Observations,Aerosol absorption; Ozone Column Abundance; Surface albedo,False,extobs,True,2004-10-01,2026-09-19,https://www.arm.gov/publications/tech_reports/handbooks/ozone_handbook.pdf,True,https://www.arm.gov/publications/tech_reports/handbooks/ozone_handbook.pdf,,2,1.0,2,"gec,sgp",gecomiX1.a1,gec,X1,a1,2004-10-01,2026-09-19,True,False,322,,,,,,,,,,,,,,
opc,Optical Particle Counter,Aerosols; Cloud Properties,Aerosol concentration; Aerosol particle size distribution,True,armobs,True,2021-09-01,2026-09-23,https://www.arm.gov/publications/tech_reports/handbooks/doe-sc-arm-tr-343.pdf,True,https://www.arm.gov/publications/tech_reports/handbooks/doe-sc-arm-tr-343.pdf,,33,19.0,8,"bnf,crg,dst,epc,guc,hou,kcg,sgp",bnfminiaosopcM1.b1,bnf,M1,b1,2025-11-15,2026-07-02,True,True,108,arm-instrument-opc,bnfminiaosopcM1.b1.20260629.000002.nc,2026-09-23,A Singh; D Campos; T Subba,DOE/SC-ARM-TR-343,August 2026,28.0,21.0,aps,True,,,different instrument (APS handbook),
opc-air,Optical Particle Counter aboard aircraft,Aerosols; Airborne Observations,Aerosol concentration; Aerosol particle size distribution,True,armobs; iop,True,2021-05-28,2026-09-16,,False,,,8,5.0,2,"bnf,sgp",bnfaafmopcU2.b1,bnf,U2,b1,2024-07-26,2026-09-13,True,False,108,,,,,,,,,,,,,,the linked handbook TR-343 is the Aerodynamic Particle Sizer handbook and mentions an OPC only as a co-located comparison instrument
org,Optical Rain Gauge,Surface Meteorology,Precipitation,True,armobs,False,1998-03-20,2024-02-14,https://www.arm.gov/publications/tech_reports/handbooks/org_handbook.pdf,True,https://www.arm.gov/publications/tech_reports/handbooks/org_handbook.pdf,https://www.arm.gov/publications/tech_reports/handbooks/org_handbook.pdf,4,4.0,3,"epc,nsa,sgp",sgporgC1.b1,sgp,C1,b1,2007-11-06,2016-07-20,True,True,186,arm-instrument-org,sgporgC1.b1.20160720.175000.cdf,2026-09-23,MJ Bartholomew,DOE/SC-ARM-TR-153,April 2016,67.0,3.0,,True,,,,
otter,Twin Otter,Airborne Observations,,False,iop,False,,,,False,,,0,,0,,,,,,,,,False,0,,,,,,,,,,,,,,
ozone,Ozone Monitor,Other,Ozone Concentration,True,armobs; extobs; iop,True,2010-10-04,2026-09-23,https://www.arm.gov/publications/tech_reports/handbooks/ozone_handbook.pdf,True,https://www.arm.gov/publications/tech_reports/handbooks/ozone_handbook.pdf,https://www.arm.gov/publications/tech_reports/handbooks/ozone_handbook.pdf,93,63.0,22,"acx,anx,asi,awr,bnf,cor,crg,dst,ena,epc,guc,hou",enaaoso3C1.b1,bnf,M1,b1,2024-10-08,2026-07-04,True,True,121,arm-instrument-ozone,enaaoso3C1.b1.20260827.000000.nc,2026-09-23,SR Springston; R Trojanowski; C Hayes,DOE/SC-ARM-TR-179,April 2025,26.0,15.0,ozone-air,True,,,,
ozone-air,Ozone Monitor aboard Aircraft,Airborne Observations; Other,Ozone Concentration,True,armderiv; armobs; iop,False,2013-06-30,2024-01-27,https://www.arm.gov/publications/tech_reports/handbooks/ozone_handbook.pdf,True,https://www.arm.gov/publications/tech_reports/handbooks/ozone_handbook.pdf,,16,14.0,6,"acx,cor,ena,mao,osc,sgp",sgpaafo3F1.c1,sgp,F1,c1,2016-04-25,2016-09-22,True,True,272,arm-instrument-ozone-air,sgpaafo3F1.c1.20160920.202755.nc,2026-09-23,SR Springston; R Trojanowski; C Hayes,DOE/SC-ARM-TR-179,April 2025,26.0,21.0,ozone,True,,,,
palms,Particle Analysis by Laser Mass Spectrometry,Aerosols,,False,iop,False,,,,False,,,0,,0,,,,,,,,,False,0,,,,,,,,,,,,,,
par,Photosynthetically Active Radiation Sensors,Radiometric,Photosynthetically Active Radiation,True,armobs,True,2024-08-05,2026-09-22,https://www.arm.gov/publications/tech_reports/handbooks/doe-sc-arm-tr-319.pdf,True,https://www.arm.gov/publications/tech_reports/handbooks/doe-sc-arm-tr-319.pdf,,3,3.0,1,bnf,bnfparS14.b1,bnf,S14,b1,2025-05-28,2026-09-22,True,True,129,arm-instrument-par,bnfparS14.b1.20260919.000000.nc,2026-09-23,AB Moyes; SC Biraud,DOE/SC-ARM-TR-319,August 2025,13.0,8.0,,True,,,,
parsl,PNNL's Atmospheric Remote Sensing Laboratory,Atmospheric Profiling; Cloud Properties; Radiometric; Surface Meteorology,,False,iop,False,,,,False,,,0,,0,,,,,,,,,False,0,,,,,,,,,,,,,,
pass,Photoacoustic Soot Spectrometer,Aerosols,Aerosol absorption; Aerosol scattering,True,armobs; iop,False,2009-02-19,2015-10-01,https://www.arm.gov/publications/tech_reports/handbooks/pass_handbook.pdf,True,https://www.arm.gov/publications/tech_reports/handbooks/pass_handbook.pdf,https://www.arm.gov/publications/tech_reports/handbooks/pass_handbook.pdf,4,4.0,3,"mao,pvc,sgp",sgpaospass3wC1.a1,sgp,C1,a1,2009-02-19,2015-10-01,False,True,451,arm-instrument-pass,sgpaospass3wC1.a1.20150928.000101.cdf,2026-09-23,,DOE/SC-ARM-TR-123,January 2013,55.0,15.0,,True,,,,
pass-air,Photoacoustic Soot Spectrometer- Airborne,Aerosols; Airborne Observations,,False,iop,False,,,,False,,,0,,0,,,,,,,,,False,0,,,,,,,,,,,,,,
pblht,Planetary Boundary Layer Height,Atmospheric Profiling,Planetary boundary layer height,False,armderiv; evalderiv,True,2001-04-01,2026-09-23,https://www.arm.gov/publications/tech_reports/doe-sc-arm-tr-132.pdf,True,https://www.arm.gov/publications/tech_reports/doe-sc-arm-tr-132.pdf,,141,119.0,31,"acx,anx,asi,awr,bnf,cor,crg,dst,ena,epc,fkb,gan",sgppblhtsonde1mcfarlC1.c1,sgp,C1,c1,2001-04-01,2026-09-21,True,False,154,,,,,,,,,,,,,,
pblhtbeml,Planetary Boundary Layer Height Best Estimate using Machine Learning,Atmospheric Profiling,Planetary boundary layer height,False,evalderiv,False,2009-01-01,2025-11-30,,False,,,14,14.0,6,"bnf,cor,crg,epc,guc,sgp",bnfpblhtthermoM1.c1,bnf,M1,c1,2024-10-01,2025-03-10,True,False,337,,,,,,,,,,,,,,
pcasp-air,Passive cavity aerosol spectrometer aboard aircraft,Aerosols; Airborne Observations,Aerosol concentration; Aerosol particle size distribution,True,armobs; iop,False,2013-06-24,2018-12-10,https://www.arm.gov/publications/tech_reports/handbooks/doe-sc-arm-tr-241.pdf,True,https://www.arm.gov/publications/tech_reports/handbooks/doe-sc-arm-tr-241.pdf,,17,14.0,7,"acx,cor,ena,mao,nsa,osc,sgp",sgpaafpcaspF1.b1,sgp,F1,b1,2016-04-25,2016-09-22,True,True,89,arm-instrument-pcasp-air,sgpaafpcaspF1.b1.20160920.202755.nc,2026-09-23,L Goldberger,DOE/SC-ARM-TR-241,April 2020,17.0,10.0,,True,,,,
pccp,Stereo Reconstructed Point Cloud of Cloud Points (PCCP),Cloud Properties,Cloud location; Images of Clouds,False,armderiv; iop,False,2017-09-01,2022-09-28,https://www.arm.gov/publications/tech_reports/doe-sc-arm-tr-252.pdf,True,https://www.arm.gov/publications/tech_reports/doe-sc-arm-tr-252.pdf,,15,15.0,2,"hou,sgp",sgppccpbE45.c1,sgp,E45,c1,2017-09-01,2020-12-30,True,False,1031,,,,,,,,,,,,,,
pci,Precision Cascade Impactor,Aerosols,,False,iop,False,,,,False,,,0,,0,,,,,,,,,False,168,,,,,,,,,,,,,,
pdlidar,Polarization Diversity Lidar,Aerosols; Atmospheric Profiling; Cloud Properties,,False,iop,False,,,,False,,,0,,0,,,,,,,,,False,0,,,,,,,,,,,,,,
pgs,Precision Carbon Dioxide Mixing Ratio System,Atmospheric Carbon,Carbon dioxide (CO2) concentration; Methane concentration,True,armobs,False,2001-04-11,2025-09-23,https://www.arm.gov/publications/tech_reports/handbooks/pgs_handbook.pdf,True,https://www.arm.gov/publications/tech_reports/handbooks/pgs_handbook.pdf,https://www.arm.gov/publications/tech_reports/handbooks/pgs_handbook.pdf,5,5.0,1,sgp,sgppgscoeffC1.b1,sgp,C1,b1,2017-01-15,2025-09-22,True,True,194,arm-instrument-pgs,sgppgscoeffC1.b1.20250919.204000.nc,2026-09-23,S Biraud; K Reichl,DOE/SC-ARM-TR-049,October 2024,14.0,8.0,,True,,,,
pgsiso,Precision Gas System Isotope Analyzer,Atmospheric Carbon,Carbon dioxide (CO2) concentration; Carbon monoxide (CO) Concentration; Isotope ratio; Methane concentration; Nitrogen oxides,True,armobs,True,2013-08-01,2026-09-23,https://www.arm.gov/publications/tech_reports/handbooks/doe-sc-arm-tr-237.pdf,True,https://www.arm.gov/publications/tech_reports/handbooks/doe-sc-arm-tr-237.pdf,,11,8.0,2,"bnf,sgp",sgppgsisocoeffC1.b1,bnf,S10,b1,2025-03-14,2026-09-12,True,True,188,arm-instrument-pgsiso,sgppgsisocoeffC1.b1.20230419.120420.nc,2026-09-23,S Biraud; K Reichl,DOE/SC-ARM-TR-237,October 2024,17.0,12.0,,True,,,,
photoacoustic,Photoacoustic Instrument,Aerosols,,False,iop,False,,,,False,,,0,,0,,,,,,,,,False,0,,,,,,,,,,,,,,
pils,Particle Into Liquid Sampler,Aerosols,,False,iop,False,,,https://www.arm.gov/publications/tech_reports/handbooks/pils_handbook.pdf,True,https://www.arm.gov/publications/tech_reports/handbooks/pils_handbook.pdf,https://www.arm.gov/publications/tech_reports/handbooks/pils_handbook.pdf,0,,0,,,,,,,,,False,222,,,,,,,,,,,,,,
pils-air,Particle Into Liquid Sampler aboard aircraft,Aerosols; Airborne Observations,,False,iop,False,,,,False,,,0,,0,,,,,,,,,False,232,,,,,,,,,,,,,,
pine,Portable Ice Nucleation Experiment chamber (PINE),Aerosols,,False,iop,False,,,,False,,,0,,0,,,,,,,,,False,261,,,,,,,,,,,,,,
plant-monitor,weather and radiation sensors to monitor plant growth,Surface Meteorology,,False,iop,False,,,,False,,,0,,0,,,,,,,,,False,198,,,,,,,,,,,,,,
pms-citation,PMS Probe - Citation,Aerosols,,False,iop,False,,,,False,,,0,,0,,,,,,,,,False,0,,,,,,,,,,,,,,
pops,portable or printed optical particle spectrometer,Aerosols,Aerosol concentration; Aerosol particle size; Aerosol particle size distribution,True,armobs; extobs; iop,True,2019-09-15,2026-09-23,https://www.arm.gov/publications/tech_reports/handbooks/doe-sc-arm-tr-328.pdf,True,https://www.arm.gov/publications/tech_reports/handbooks/doe-sc-arm-tr-328.pdf,,17,11.0,3,"crg,dst,sgp",dstpops1mM1.b1,dst,M1,b1,2026-05-05,2026-08-20,True,True,179,arm-instrument-pops,dstpops1mM1.b1.20260817.000030.nc,2026-09-23,SS Petters; MD Petters,DOE/SC-ARM-TR-328,January 2026,18.0,18.0,,True,,,,
pops-air,portable optical particle spectrometer aboard an airborne platform,Aerosols; Airborne Observations,Aerosol concentration; Aerosol particle size distribution,True,armobs; iop,True,2020-09-30,2026-09-16,https://www.arm.gov/publications/tech_reports/handbooks/doe-sc-arm-tr-259.pdf,False,,,26,8.0,2,"bnf,sgp",bnfaafpopsU2.b1,bnf,U2,b1,2024-07-29,2026-09-13,True,False,430,arm-instrument-pops-air,bnfaafpopsU2.b1.20260911.144213.nc,2026-09-24,F Mei; M Pekour,DOE/SC-ARM-TR-259,January 2026,17,10,,True,,False,own handbook,
ppihyd,hydrometeor field statistics dataset derived from radar PPI scans,Cloud Properties,Cloud size; Radar Doppler; Radar reflectivity,False,evalderiv,False,2019-12-01,2020-05-31,https://www.arm.gov/publications/tech_reports/doe-sc-arm-tr-307.pdf,True,https://www.arm.gov/publications/tech_reports/doe-sc-arm-tr-307.pdf,,2,2.0,1,anx,anxkasacrppihydmaskM1.c1,anx,M1,c1,2019-12-01,2020-05-31,True,False,488,,,,,,,,,,,,,,
precipbe,Precipitation Best Estimate,Surface Meteorology,Precipitation,False,armderiv; evalderiv,True,1993-07-21,2026-09-22,,False,,,52,46.0,10,"anx,bnf,cor,dst,ena,epc,hou,mao,nsa,sgp",bnfprecipbestatsS20.c1,bnf,S20,c1,2024-09-12,2025-05-02,True,False,115,,,,,,,,,,,,,,
precipip,Precipitation Imaging Package,Surface Meteorology,Hydrometeor Size Distribution; Hydrometeor concentration; Hydrometeor fall velocity; Hydrometeor image; Precipitation,True,armobs; extobs; iop,True,2016-10-14,2026-09-20,,False,,,4,3.0,2,"nsa,oli",nsaprecipipvidC1.a1,nsa,C1,a1,2019-12-05,2026-07-30,True,False,127,,,,,,,,,,,,,,
precipiso,Stable Isotope from Precipitation,Other,,False,iop,False,,,,False,,,0,,0,,,,,,,,,False,0,,,,,,,,,,,,,,
precipmet,Precipitation Meteorological Instruments,Surface Meteorology,Atmospheric moisture; Atmospheric pressure; Atmospheric temperature; Horizontal wind; Precipitation,True,armobs,False,2017-03-30,2023-09-29,https://www.arm.gov/publications/tech_reports/handbooks/doe-sc-arm-tr-226.pdf,True,https://www.arm.gov/publications/tech_reports/handbooks/doe-sc-arm-tr-226.pdf,,3,3.0,1,sgp,sgpprecipmetI9.b1,sgp,I9,b1,2017-03-30,2023-09-29,True,True,402,arm-instrument-precipmet,sgpprecipmetI9.b1.20230926.000100.nc,2026-09-23,J Kyrouac,DOE/SC-ARM-TR-226,September 2019,17.0,9.0,,True,,,,
precipret,Precipitation Retrievals,Cloud Properties,,False,iop,False,,,,False,,,0,,0,,,,,,,,,False,0,,,,,,,,,,,,,,
precnet,Precipitation Network,Surface Meteorology,Precipitation,True,armobs,False,1997-10-01,2003-10-31,,False,,,1,1.0,1,sgp,sgpprecnetA1.a1,sgp,A1,a1,1997-10-01,2003-10-31,False,False,96,,,,,,,,,,,,,,
prp,Portable Radiation Package,Radiometric,Longwave broadband downwelling irradiance; Navigation variables; Shortwave broadband diffuse downwelling irradiance; Shortwave broadband direct normal irradiance; Shortwave broadband total downwelling irradiance; Shortwave narrowband total downwelling irradiance,True,armobs,False,2012-11-02,2020-10-30,https://www.arm.gov/publications/tech_reports/handbooks/prp_handbook.pdf,True,https://www.arm.gov/publications/tech_reports/handbooks/prp_handbook.pdf,https://www.arm.gov/publications/tech_reports/handbooks/prp_handbook.pdf,50,31.0,6,"acx,mag,mao,mar,mos,sgp",acxprptcmM1.b1,mos,S2,b1,2019-09-19,2020-09-30,True,True,286,arm-instrument-prp,acxprptcmM1.b1.20150208.000000.cdf,2026-09-23,RM Reynolds,DOE/SC-ARM-TR-198,August 2017,90.0,19.0,,True,,,,
psap,Particle Soot Absorption Photometer,Aerosols,Aerosol absorption,True,armderiv; armobs; extobs; iop,True,2010-09-20,2026-09-23,https://www.arm.gov/publications/tech_reports/handbooks/psap_handbook.pdf,True,https://www.arm.gov/publications/tech_reports/handbooks/psap_handbook.pdf,https://www.arm.gov/publications/tech_reports/handbooks/psap_handbook.pdf,115,98.0,23,"acx,anx,asi,awr,bnf,cor,crg,dst,ena,epc,guc,hou",pvcaospsap3wM1.c1,pvc,M1,c1,2012-07-16,2013-06-24,True,True,279,arm-instrument-psap,pvcaospsap3wM1.c1.20130621.000000.cdf,2026-09-23,SR Springston; R Trojanowski; C Hayes; C Flynn,DOE/SC-ARM-TR-176,May 2025,22.0,16.0,,True,,,,
psap-air,Particle soot absorption photometer aboard aircraft,Aerosols; Airborne Observations,Aerosol absorption,True,armobs; iop,False,2017-06-21,2026-09-23,https://www.arm.gov/publications/tech_reports/handbooks/doe-sc-arm-tr-262.pdf,True,https://www.arm.gov/publications/tech_reports/handbooks/doe-sc-arm-tr-262.pdf,,9,7.0,4,"bnf,cor,dst,ena",enaaafpsap1sF1.b1,ena,F1,b1,2017-06-21,2018-02-19,True,True,91,arm-instrument-psap-air,enaaafpsap1sF1.b1.20180218.122850.nc,2026-09-23,F Mei; LA Goldberger; C Flynn; M Pekour,DOE/SC-ARM-TR-262,November 2020,18.0,11.0,,True,,,,
psp-eppley,Eppley PSP,Radiometric,,False,iop,False,,,,False,,,0,,0,,,,,,,,,False,0,,,,,,,,,,,,,,
psp-eppley-modified,Modified Eppley PSP,Radiometric,,False,iop,False,,,,False,,,0,,0,,,,,,,,,False,0,,,,,,,,,,,,,,
psychrometer,Psychrometer,Surface Meteorology,,False,iop,False,,,,False,,,0,,0,,,,,,,,,False,161,,,,,,,,,,,,,,
ptrms,Proton Transfer Reaction Mass Spectrometer,Aerosols,,False,iop,False,,,,False,,,0,,0,,,,,,,,,False,435,,,,,,,,,,,,,,
ptrms-air,Proton Transfer Reaction Mass Spectrometer aboard aircraft,Aerosols; Airborne Observations,,False,iop,False,,,,False,,,0,,0,,,,,,,,,False,434,,,,,,,,,,,,,,
pvm-air,Particle Volume Monitor aboard aircraft,Airborne Observations; Cloud Properties,,False,iop,False,,,,False,,,0,,0,,,,,,,,,False,181,,,,,,,,,,,,,,
pyran-budapest,Pyranometer-Budapest University,Radiometric,,False,iop,False,,,,False,,,0,,0,,,,,,,,,False,0,,,,,,,,,,,,,,
pyran-carter-scott,Carter-Scott Design Eq08-a,Radiometric,,False,iop,False,,,,False,,,0,,0,,,,,,,,,False,0,,,,,,,,,,,,,,
pyran-cimel-bandw,Cimel B&W Pyranometer,Radiometric,,False,iop,False,,,,False,,,0,,0,,,,,,,,,False,0,,,,,,,,,,,,,,
pyran-delta-spn1,Delta-T Sunshine Pyranometer- SPN1,Radiometric,,False,iop,False,,,,False,,,0,,0,,,,,,,,,False,0,,,,,,,,,,,,,,
pyran-eko-ms-801,Pyranometer-eko-ms-801,Radiometric,,False,iop,False,,,,False,,,0,,0,,,,,,,,,False,0,,,,,,,,,,,,,,
pyran-eppley-new-bandw,Eppley New B&W Pyranometer,Radiometric,,False,iop,False,,,,False,,,0,,0,,,,,,,,,False,0,,,,,,,,,,,,,,
pyran-kandz-cm11,Pyranometer-kipp&zonen-cm11,Radiometric,,False,iop,False,,,,False,,,0,,0,,,,,,,,,False,0,,,,,,,,,,,,,,
pyran-yankee-isothermal,Yankee Isothermal Pyranometer,Radiometric,,False,iop,False,,,,False,,,0,,0,,,,,,,,,False,0,,,,,,,,,,,,,,
pyrnet,TROPOS Pyranometer Network (PyrNet) ,Radiometric; Surface Meteorology,,False,iop,False,,,,False,,,0,,0,,,,,,,,,False,217,,,,,,,,,,,,,,
qcecor,Quality Controlled Eddy Correlation Flux Measurement,Surface/Subsurface Properties,Carbon dioxide (CO2) flux; Latent heat flux; Sensible heat flux,False,armderiv,False,2003-09-09,2025-11-30,https://www.arm.gov/publications/tech_reports/doe-sc-arm-tr-223.pdf,True,https://www.arm.gov/publications/tech_reports/doe-sc-arm-tr-223.pdf,,70,66.0,18,"anx,asi,awr,cor,crg,ena,epc,fkb,grw,guc,hfe,hou",sgp30qcecorE21.c1,sgp,E21,c1,2004-02-11,2019-05-02,True,False,100,,,,,,,,,,,,,,
qcrad,Data Quality Assessment for ARM Radiation Data,Radiometric,Longwave broadband downwelling irradiance; Longwave broadband upwelling irradiance; Shortwave broadband diffuse downwelling irradiance; Shortwave broadband direct normal irradiance; Shortwave broadband total downwelling irradiance; Shortwave broadband total upwelling irradiance,False,armderiv,True,1993-09-01,2026-09-22,https://www.arm.gov/publications/tech_reports/doe-sc-arm-tr-074.pdf,True,https://www.arm.gov/publications/tech_reports/doe-sc-arm-tr-074.pdf,,191,174.0,25,"anx,asi,awr,cor,crg,ena,epc,fkb,gan,grw,guc,hfe",sgpqcradbrs1longC1.c1,sgp,C1,c1,1993-09-01,2026-08-30,True,False,198,,,,,,,,,,,,,,
qcsfcrad,Quality Controlled Surface Radiation Data (Long-Shi Experimental),Radiometric,,False,iop,False,,,,False,,,0,,0,,,,,,,,,False,0,,,,,,,,,,,,,,
qmeaerilbl,Comparison of Statistics or Clouds data from AERI vs. LBLRTM Model runs,Derived Quantities and Models; Radiometric,Atmospheric moisture; Longwave spectral brightness temperature; Longwave spectral radiance,False,armderiv; iop,False,1993-12-08,2007-06-06,,False,,,14,14.0,3,"nsa,sgp,twp",sgpaerilblcloudsC1.c1,sgp,C1,c1,1994-04-11,2007-06-06,True,False,146,,,,,,,,,,,,,,
qmelwflux,Comparison of Longwave Flux Data from AERI and LBLRTM vs. pyrgeometer,Derived Quantities and Models; Radiometric,,False,armderiv,False,2001-04-02,2003-04-16,,False,,,1,1.0,1,sgp,sgpqmelwfluxC1.c1,sgp,C1,c1,2001-04-02,2003-04-16,True,False,219,,,,,,,,,,,,,,
qmemwrcol,Comparison of Water in the Column from MWR vs. Instrument Model,Derived Quantities and Models; Radiometric,,False,armderiv,False,1993-10-11,2004-07-05,,False,,,9,9.0,3,"nsa,sgp,twp",sgpqmemwrcolE14.c1,sgp,E14,c1,2001-04-01,2004-07-05,True,False,138,,,,,,,,,,,,,,
qmemwrlbl,"Quality Measurement Experiment (QME): derived, LBLRTM vs MWR brightness temps",Derived Quantities and Models; Radiometric,,False,armderiv,False,1996-03-01,1998-09-03,,False,,,2,2.0,1,sgp,sgpqmemwrlblssC1.c1,sgp,C1,c1,1996-03-16,1998-09-03,True,False,6,,,,,,,,,,,,,,
qpe,Quantitative Precipitation Estimates from Precipitation Radar,Cloud Properties,,False,evalderiv,False,2011-04-14,2011-09-30,,False,,,2,,2,"sgp,twp",,,,,,,,False,157,,,,,,,,,,,,,,
rad,Radiation Measurements at AMF,Radiometric,Longwave broadband downwelling irradiance; Longwave broadband upwelling irradiance; Shortwave broadband total downwelling irradiance; Shortwave broadband total upwelling irradiance,True,armobs; iop,False,2006-01-13,2008-12-13,,False,,,2,2.0,2,"hfe,nim",hferadS1.b1,hfe,S1,b1,2008-05-13,2008-12-13,False,False,133,,,,,,,,,,,,,,
rad-air,Airborne Radiometers,Airborne Observations; Radiometric,,False,iop,False,,,,False,,,0,,0,,,,,,,,,False,0,,,,,,,,,,,,,,
radarcfad,Radar Contoured Frequency by Altitude Diagram,Cloud Properties,Hydrometeor types; Radar reflectivity,False,armderiv; evalderiv,False,2006-01-01,2020-05-31,https://www.arm.gov/publications/tech_reports/doe-sc-arm-tr-190.pdf,True,https://www.arm.gov/publications/tech_reports/doe-sc-arm-tr-190.pdf,,17,16.0,6,"anx,awr,nsa,oli,sgp,twp",sgpkazrcfadC1.c1,sgp,C1,c1,2011-02-01,2017-08-31,True,False,341,,,,,,,,,,,,,,
radclss,Extracted Radar Columns and In-Situ Sensors (RadCLss),Cloud Properties,Precipitation; Radar reflectivity,False,evalderiv,False,2021-11-02,2025-06-23,https://www.arm.gov/publications/tech_reports/doe-sc-arm-tr-312.pdf,True,https://www.arm.gov/publications/tech_reports/doe-sc-arm-tr-312.pdf,,2,2.0,2,"bnf,guc",bnfcsapr2radclssS3.c2,bnf,S3,c2,2025-02-16,2025-06-23,True,False,307,,,,,,,,,,,,,,
radfluxanal,Radiative Flux Analysis,Derived Quantities and Models; Radiometric,Cloud fraction; Cloud optical depth; Longwave broadband downwelling irradiance; Longwave broadband upwelling irradiance; Longwave narrowband brightness temperature; Shortwave broadband diffuse downwelling irradiance,False,armderiv; iop,False,1994-01-07,2025-11-29,https://www.arm.gov/publications/tech_reports/doe-sc-arm-tr-228.pdf,True,https://www.arm.gov/publications/tech_reports/doe-sc-arm-tr-228.pdf,,82,79.0,21,"anx,asi,awr,cor,crg,ena,epc,fkb,gan,grw,guc,hfe",sgpradflux1longE33.c1,sgp,E33,c1,2020-06-11,2025-08-16,True,False,239,,,,,,,,,,,,,,
radio-met,Radiometry and surface meteorology,Radiometric; Surface Meteorology,,False,iop,False,,,,False,,,0,,0,,,,,,,,,False,110,,,,,,,,,,,,,,
radsys,SPN1 and high quality upwelling and downwelling pyrgeometers and pyranometers.,Radiometric,Longwave broadband downwelling irradiance; Longwave broadband upwelling irradiance; Shortwave broadband diffuse downwelling irradiance; Shortwave broadband direct downwelling irradiance; Shortwave broadband total downwelling irradiance; Shortwave broadband total upwelling irradiance,True,armobs,True,2023-09-01,2026-09-23,,False,,,8,4.0,1,bnf,bnfradsys43m60sS10.b1,bnf,S10,b1,2025-01-30,2026-09-22,True,False,328,,,,,,,,,,,,,,
rain,Rain Gauge,Surface Meteorology,Atmospheric pressure; Precipitation,True,armobs; iop,True,2006-03-01,2026-09-22,https://www.arm.gov/publications/tech_reports/handbooks/rain_handbook.pdf,True,https://www.arm.gov/publications/tech_reports/handbooks/rain_handbook.pdf,https://www.arm.gov/publications/tech_reports/handbooks/rain_handbook.pdf,25,25.0,12,"asi,bnf,cor,ena,epc,gan,guc,mao,mos,sgp,tmp,twp",sgprainwbC1.b1,sgp,C1,b1,2010-09-22,2016-06-03,True,True,182,arm-instrument-rain,sgprainwbC1.b1.20160601.000000.cdf,2026-09-23,MJ Bartholomew,DOE/SC-ARM-TR-110,January 2016,21.0,14.0,,True,,,,
rap,Rapid Refresh Model Data,Derived Quantities and Models,Atmospheric moisture; Atmospheric pressure; Atmospheric temperature; Cloud base height; Cloud top height; Convection,False,extmod,False,2012-05-01,2026-06-08,,False,,,2,2.0,1,sgp,sgpsynrap20plevX1.c1,sgp,X1,c1,2012-05-01,2026-06-08,True,False,315,,,,,,,,,,,,,,
replicator,Balloon-borne Ice Crystal Replicator,Atmospheric Profiling; Cloud Properties,,False,iop,False,,,,False,,,0,,0,,,,,,,,,False,0,,,,,,,,,,,,,,
ripbe,Radiatively Important Parameters Best Estimate,Aerosols; Cloud Properties; Derived Quantities and Models; Radiometric,Aerosol extinction; Aerosol optical depth; Aerosol optical properties; Atmospheric moisture; Atmospheric pressure; Atmospheric temperature,False,armderiv,False,2002-03-01,2011-06-05,https://www.arm.gov/publications/tech_reports/doe-sc-arm-tr-097.pdf,True,https://www.arm.gov/publications/tech_reports/doe-sc-arm-tr-097.pdf,,2,2.0,1,sgp,sgpripbe1mcfarlaneC1.c1,sgp,C1,c1,2002-03-01,2011-06-05,True,False,346,,,,,,,,,,,,,,
rl,Raman Lidar,Aerosols; Atmospheric Profiling; Cloud Properties,,True,armobs; iop,True,1996-06-03,2026-09-23,https://www.arm.gov/publications/tech_reports/handbooks/rl_handbook.pdf,True,https://www.arm.gov/publications/tech_reports/handbooks/rl_handbook.pdf,https://www.arm.gov/publications/tech_reports/handbooks/rl_handbook.pdf,10,9.0,5,"bnf,ena,oli,sgp,twp",sgprlC1.a0,bnf,M1,a0,2024-10-08,2026-09-22,True,True,1296,arm-instrument-rl,,,RK Newsom; R Bambha; D Chand,DOE/SC-ARM-TR-038,December 2022,31.0,16.0,,False,"every Raman Lidar datastream in the catalog is level a0, which ARM Live does not serve by policy",,,
rl-gsfc,GSFC Raman Lidar,Atmospheric Profiling,,False,iop,False,,,,False,,,0,,0,,,,,,,,,False,0,,,,,,,,,,,,,,
rlprof,Raman LIDAR Vertical Profiles,Aerosols; Atmospheric Profiling; Cloud Properties,Aerosol backscattered radiation; Aerosol extinction; Aerosol optical depth; Aerosol scattering; Atmospheric moisture; Backscatter depolarization ratio,False,armderiv; iop,True,1998-03-01,2026-09-22,https://www.arm.gov/publications/tech_reports/doe-sc-arm-tr-189.pdf,True,https://www.arm.gov/publications/tech_reports/doe-sc-arm-tr-189.pdf,,34,34.0,5,"bnf,ena,oli,sgp,twp",sgp10rlprofbe1newsC1.c1,sgp,C1,c1,2004-10-01,2015-09-21,True,False,353,,,,,,,,,,,,,,
rlprof-fex,Raman Lidar Vertical Profiles Feature Detection and Extinction,Aerosols; Atmospheric Profiling; Cloud Properties,Aerosol extinction; Backscatter depolarization ratio; Backscattered radiation,False,armderiv,True,2015-02-25,2026-09-22,https://www.arm.gov/publications/tech_reports/doe-sc-arm-tr-224.pdf,True,https://www.arm.gov/publications/tech_reports/doe-sc-arm-tr-224.pdf,,12,12.0,3,"ena,oli,sgp",sgprlproffexext1thorC1.c0,sgp,C1,c0,2016-01-14,2026-09-22,True,False,280,,,,,,,,,,,,,,
rlprofbe,Raman Lidar Vertical Profiles Best Estimates,Aerosols; Atmospheric Profiling,Aerosol extinction; Atmospheric moisture; Atmospheric temperature; Backscatter depolarization ratio; Backscattered radiation; Cloud base height,False,armderiv,False,2016-01-01,2026-03-08,,False,,,2,2.0,2,"ena,sgp",sgprlprofbeC1.c1,sgp,C1,c1,2016-01-14,2026-03-08,True,False,0,,,,,,,,,,,,,,
rlprofmr,Raman Lidar Mixing Ratio,Aerosols; Atmospheric Profiling,Atmospheric moisture; Cloud base height; Liquid water content; Precipitable water,False,armderiv; iop,False,1998-03-01,2026-05-05,https://www.arm.gov/publications/tech_reports/doe-sc-arm-tr-218.pdf,True,https://www.arm.gov/publications/tech_reports/doe-sc-arm-tr-218.pdf,,11,11.0,5,"bnf,ena,oli,sgp,twp",sgp10rlprofmr1turnC1.c1,sgp,C1,c1,1998-03-01,2004-01-06,True,False,397,,,,,,,,,,,,,,
rlproftemp,Raman Lidar Temperature VAP,Aerosols; Atmospheric Profiling,Atmospheric temperature; Cloud base height,False,armderiv,True,2009-01-01,2026-09-22,https://www.arm.gov/publications/tech_reports/doe-sc-arm-tr-218.pdf,True,https://www.arm.gov/publications/tech_reports/doe-sc-arm-tr-218.pdf,,14,11.0,5,"bnf,ena,oli,sgp,twp",sgprlproftemp2news10mC1.c0,sgp,C1,c0,2016-01-14,2026-09-21,True,False,364,,,,,,,,,,,,,,
rnccn,Retrieved Number concentration of CCN,Cloud Properties,Cloud condensation nuclei; Hygroscopic growth,False,evalderiv,False,2015-09-04,2023-10-31,https://www.arm.gov/publications/tech_reports/doe-sc-arm-tr-292.pdf,True,https://www.arm.gov/publications/tech_reports/doe-sc-arm-tr-292.pdf,,4,4.0,2,"ena,sgp",sgprnccnprof1kulkarniC1.c1,sgp,C1,c1,2016-01-25,2023-10-18,True,False,843,,,,,,,,,,,,,,
ronbrown,NOAA Research Vessel Ron Brown,Aerosols; Atmospheric Profiling; Cloud Properties; Ocean Observations; Radiometric; Surface Meteorology,,False,iop,False,,,,False,,,0,,0,,,,,,,,,False,259,,,,,,,,,,,,,,
rsp,Research Scanning Polarimeter,Surface/Subsurface Properties,,False,iop,False,,,,False,,,0,,0,,,,,,,,,False,613,,,,,,,,,,,,,,
rsr,Rotating Shading-arm Radiometer,Radiometric,,True,armobs; iop,False,2019-04-26,2019-04-26,,False,,,2,,2,"mar,mos",,,,,,,,False,168,,,,,,,,,,,,,,
rss,Rotating Shadowband Spectroradiometer,Radiometric,Shortwave spectral diffuse downwelling irradiance; Shortwave spectral direct normal irradiance; Shortwave spectral total downwelling irradiance,True,armobs; iop,False,2003-05-10,2007-12-05,https://www.arm.gov/publications/tech_reports/handbooks/rss_handbook.pdf,True,https://www.arm.gov/publications/tech_reports/handbooks/rss_handbook.pdf,https://www.arm.gov/publications/tech_reports/handbooks/rss_handbook.pdf,1,1.0,1,sgp,sgprssC1.b1,sgp,C1,b1,2003-05-10,2007-12-05,False,True,450,arm-instrument-rss,sgprssC1.b1.20071202.132900.cdf,2026-09-23,P. Kiedron; J. Schlemmer; M. Klassen,ARM TR-051,May 2006,22.0,15.0,,True,,,,
ruc,Rapid Update Cycle Model Data,Derived Quantities and Models,Atmospheric moisture; Atmospheric pressure; Atmospheric temperature; Atmospheric turbulence; Cloud base height; Cloud top height,False,extderiv; extmod,False,1994-10-24,2012-05-01,,False,,,11,11.0,2,"pye,sgp",sgpsynruc20isobX1.c1,sgp,X1,c1,2002-04-18,2012-05-01,True,False,243,,,,,,,,,,,,,,
rwp,Radar Wind Profiler,Atmospheric Profiling,Atmospheric turbulence; Backscattered radiation; Horizontal wind; Radar Doppler; Radar reflectivity; Vertical velocity,True,armobs; extobs; iop,True,1996-12-30,2026-09-23,https://www.arm.gov/publications/tech_reports/handbooks/rwp_handbook.pdf,True,https://www.arm.gov/publications/tech_reports/handbooks/rwp_handbook.pdf,https://www.arm.gov/publications/tech_reports/handbooks/rwp_handbook.pdf,364,305.0,29,"acx,anx,asi,awr,bnf,cor,crg,dst,ena,epc,fkb,gan",sgp915rwppreciploC1.b1,sgp,I10,b1,2021-10-10,2023-09-21,True,True,208,arm-instrument-rwp,sgp915rwppreciploC1.b1.20190817.043113.nc,2026-09-23,P Muradyan; R Coulter,DOE/SC-ARM-TR-044,March 2020,27.0,13.0,,True,,,,
rwpprecipcor,"Radar Wind Profiler: Precipitation, corrected",Atmospheric Profiling,Radar Doppler; Radar reflectivity,False,armderiv; evalderiv,False,2011-03-22,2025-12-31,,False,,,2,2.0,2,"bnf,sgp",bnf915rwpprecipcorM1.c1,bnf,M1,c1,2025-01-23,2025-12-31,True,False,0,,,,,,,,,,,,,,
rwptemp,RWP-Based Virtual Temperature Profile,Derived Quantities and Models,Virtual temperature,False,armderiv; extobs,False,1995-12-15,2025-09-15,,False,,,2,1.0,1,sgp,sgprwptempC1.c1,sgp,C1,c1,1995-12-15,2006-05-14,True,False,220,,,,,,,,,,,,,,
rwpvertvel,Radar Wind Profiler: In-cloud Vertical Velocity Retrieval,Cloud Properties; Derived Quantities and Models,Radar Doppler; Radar reflectivity; Vertical velocity,False,evalderiv,False,2011-04-08,2019-08-18,,False,,,1,1.0,1,sgp,sgp915rwpvertvelC1.c1,sgp,C1,c1,2011-04-08,2019-08-18,True,False,289,,,,,,,,,,,,,,
s-band-profiler,NOAA S-band (2835 Mhz) Profiler,Atmospheric Profiling; Cloud Properties,,False,iop,False,,,,False,,,0,,0,,,,,,,,,False,0,,,,,,,,,,,,,,
s-table,Stabilized Platform,Ocean Observations,Navigation variables,True,armobs,False,2012-10-01,2018-03-24,https://www.arm.gov/publications/tech_reports/doe-sc-arm-tr-166.pdf,True,https://www.arm.gov/publications/tech_reports/doe-sc-arm-tr-166.pdf,,7,7.0,3,"acx,mag,mar",marrphtiltM1.a1,mar,M1,a1,2017-10-29,2018-03-24,True,True,587,arm-instrument-s-table,marrphtiltM1.a1.20180321.000000.nc,2026-09-23,RL Coulter; TJ Martin,DOE/SC-ARM-TR-166,March 2016,36.0,12.0,,True,,,,
sacradv3d3c,SACR Advance 3-D Cartesian Cloud Cover,Cloud Properties,Cloud fraction; Horizontal wind; Radar Doppler; Radar reflectivity,False,armderiv; evalderiv,False,2012-08-01,2012-08-31,,False,,,2,2.0,1,sgp,sgpsacradv3d3cC1.c1,sgp,C1,c1,2012-08-01,2012-08-30,True,False,264,,,,,,,,,,,,,,
sacradvqvp,SACR Advance Quasi-Vertical Profile,Cloud Properties,Radar Doppler; Radar polarization; Radar reflectivity,False,armderiv; evalderiv,False,2016-03-28,2017-06-30,,False,,,2,2.0,1,oli,olikasacradvqvpM1.c1,oli,M1,c1,2016-03-28,2016-09-09,True,False,1442,,,,,,,,,,,,,,
sacradvvad,SACR Advance Velocity Azimuth Display,Cloud Properties,Horizontal wind,False,armderiv,False,2012-08-01,2017-11-17,https://www.arm.gov/publications/tech_reports/doe-sc-arm-tr-209.pdf,True,https://www.arm.gov/publications/tech_reports/doe-sc-arm-tr-209.pdf,,6,6.0,5,"ena,oli,pvc,sgp,tmp",sgpkasacradvvadC1.c1,sgp,C1,c1,2012-08-01,2012-08-31,True,False,337,,,,,,,,,,,,,,
sacrcor,Scanning ARM Cloud Radar Corrections,Cloud Properties,Radar Doppler; Radar reflectivity,False,evalderiv,False,2012-08-01,2014-08-31,,False,,,34,34.0,3,"pvc,sgp,tmp",sgpwsacrcorvptC1.c1,sgp,C1,c1,2012-08-01,2012-08-31,True,False,407,,,,,,,,,,,,,,
saos,Seismic and Atmospheric Observation Station,Surface/Subsurface Properties,,False,extobs; iop,False,,,,False,,,0,,0,,,,,,,,,False,319,,,,,,,,,,,,,,
saprqvp,Scanning ARM Precipitation Radar (SAPR) Quasi-Vertical Profile ,Cloud Properties; Derived Quantities and Models,Radar Doppler; Radar reflectivity,False,evalderiv,False,2017-10-01,2019-02-26,,False,,,3,3.0,1,sgp,sgpxsaprqvpI4.c1,sgp,I4,c1,2018-08-30,2019-01-19,True,False,475,,,,,,,,,,,,,,
saprvad,Scanning ARM Precipitation Radar (SAPR) Velocity Azimuth Display,Cloud Properties; Derived Quantities and Models,Horizontal wind,True,armobs; evalderiv,False,2010-12-14,2019-02-26,https://www.arm.gov/publications/tech_reports/handbooks/csapr_handbook.pdf,False,,,4,4.0,1,sgp,sgpxsaprvadI6.c1,sgp,I4,c1,2018-08-30,2019-01-22,True,False,650,arm-instrument-saprvad,sgpxsaprvadI6.c1.20190223.000000.nc,2026-09-24,K Widener; N Bharadwaj,DOE/SC-ARM/TR-121,November 2012,19,9,,True,,True,parent-system-level,
sashe,Shortwave Array Spectroradiometer-Hemispheric,Radiometric,Shortwave narrowband diffuse downwelling irradiance; Shortwave narrowband direct downwelling irradiance; Shortwave narrowband direct normal irradiance; Shortwave narrowband total downwelling irradiance; Shortwave spectral diffuse downwelling irradiance; Shortwave spectral direct downwelling irradiance,True,armobs,False,2011-03-22,2024-06-02,https://www.arm.gov/publications/tech_reports/handbooks/sashe_handbook.pdf,True,https://www.arm.gov/publications/tech_reports/handbooks/sashe_handbook.pdf,https://www.arm.gov/publications/tech_reports/handbooks/sashe_handbook.pdf,39,39.0,8,"asi,cor,epc,hou,mao,pgh,pvc,sgp",sgpsashevisC1.b1,sgp,C1,b1,2012-03-23,2024-06-02,True,True,326,arm-instrument-sashe,sgpsashevisC1.b1.20240531.000012.nc,2026-09-23,CJ Flynn,,,26.0,21.0,,True,,,,
sashelangley,Solar Array Spectrometer (Hemispheric) Langley Regressions,Radiometric,,False,armderiv,False,2018-10-06,2024-06-02,,False,,,6,4.0,3,"cor,hou,sgp",sgpsashevislangleyC1.c0,sgp,C1,c0,2023-05-22,2024-06-02,True,False,1519,,,,,,,,,,,,,,
sasze,Shortwave Array Spectroradiometer-Zenith,Radiometric,Shortwave spectral direct normal irradiance; Shortwave spectral radiance,True,armobs,False,2011-03-22,2024-06-02,https://www.arm.gov/publications/tech_reports/handbooks/sasze_handbook.pdf,True,https://www.arm.gov/publications/tech_reports/handbooks/sasze_handbook.pdf,https://www.arm.gov/publications/tech_reports/handbooks/sasze_handbook.pdf,47,34.0,9,"asi,cor,epc,hou,mag,mao,pgh,pvc,sgp",sgpsaszenirC1.a1,sgp,C1,a1,2014-01-22,2024-06-02,True,True,162,arm-instrument-sasze,sgpsaszenirC1.a1.20240530.000001.nc,2026-09-23,CJ Flynn,DOE/SC-ARM-TR-178,April 2016,20.0,13.0,,True,,,,
scan-irt,Scanning IRT,Radiometric,,False,iop,False,,,,False,,,0,,0,,,,,,,,,False,0,,,,,,,,,,,,,,
scocec,Semi-Continuous Organic Carbon Elemental Carbon Instrument,,,False,iop,False,,,,False,,,0,,0,,,,,,,,,False,0,,,,,,,,,,,,,,
sdms,snow depth measurement system,Surface/Subsurface Properties,,False,iop,False,,,,False,,,0,,0,,,,,,,,,False,101,,,,,,,,,,,,,,
sebs,Surface Energy Balance System,Surface/Subsurface Properties,Longwave broadband downwelling irradiance; Longwave broadband upwelling irradiance; Net broadband total irradiance; Shortwave broadband total downwelling irradiance; Shortwave broadband total upwelling irradiance; Soil heat flux,True,armobs,True,2010-10-01,2026-09-23,https://www.arm.gov/publications/tech_reports/handbooks/sebs_handbook.pdf,True,https://www.arm.gov/publications/tech_reports/handbooks/doe-sc-arm-tr-332.pdf,https://www.arm.gov/publications/tech_reports/handbooks/sebs_handbook.pdf,49,43.0,19,"anx,asi,awr,bnf,cor,crg,dst,ena,epc,guc,hou,kcg",enasebsC1.b1,bnf,S40,b1,2025-01-07,2026-09-22,True,True,222,arm-instrument-sebs,enasebsC1.b1.20260919.000000.cdf,2026-09-23,DR Cook; RC Sullivan,DOE/SC-ARM-TR-092,May 2025,16.0,11.0,,True,,,,
semsamp,Scanning Electron Microscope Sampler,Aerosols,,False,iop,False,,,,False,,,0,,0,,,,,,,,,False,0,,,,,,,,,,,,,,
sfccldgrid,Surface Cloud Grid,Cloud Properties; Derived Quantities and Models,Cloud fraction; Cloud optical depth; Longwave broadband downwelling irradiance; Longwave broadband upwelling irradiance; Shortwave broadband diffuse downwelling irradiance; Shortwave broadband direct downwelling irradiance,False,armderiv,False,1997-01-01,2020-06-01,https://www.arm.gov/publications/tech_reports/arm-tr-010.pdf?id=48,True,https://www.arm.gov/publications/tech_reports/arm-tr-010.pdf?id=48,,3,3.0,1,sgp,sgpsfccldgrid2longstationN1.c1,sgp,N1,c1,2009-01-01,2020-06-01,True,False,327,,,,,,,,,,,,,,
sfcflux,Surface Flux,Radiometric; Surface/Subsurface Properties,,False,iop,False,,,,False,,,0,,0,,,,,,,,,False,0,,,,,,,,,,,,,,
sfcmetradaq-tceq,"Meteorology, radiation, and air quality data from TCEQ air quality stations",Aerosols; Radiometric; Surface Meteorology,,False,extobs,False,2022-03-24,2022-11-03,,False,,,1,1.0,1,hou,houairq5mX1.00,hou,X1,00,2022-03-24,2022-11-03,True,False,349,,,,,,,,,,,,,,
sfcmetumiami,University of Miami Surface Meteorology,Surface Meteorology,,False,iop,False,,,,False,,,0,,0,,,,,,,,,False,0,,,,,,,,,,,,,,
shallowcumulus,Fair-Weather Shallow Cumulus Identification,Cloud Properties,Cloud type,False,armderiv,False,2000-07-01,2025-08-21,,False,https://www.arm.gov/publications/tech_reports/doe-sc-arm-tr-214.pdf ,,4,3.0,2,"sgp,twp",sgpshcusummaryC1.c1,sgp,C1,c1,2000-07-01,2025-08-21,True,False,388,,,,,,,,,,,,,,
sirosopdepth,Optical Depth from SIROS instruments,Radiometric,,False,armderiv,False,,,,False,,,0,,0,,,,,,,,,False,0,,,,,,,,,,,,,,
sirs,Solar and Infrared Radiation Station for Downwelling and Upwelling Radiation,Radiometric,Longwave broadband downwelling irradiance; Longwave broadband upwelling irradiance; Shortwave broadband diffuse downwelling irradiance; Shortwave broadband direct normal irradiance; Shortwave broadband total downwelling irradiance; Shortwave broadband total upwelling irradiance,True,armobs,True,1997-03-04,2026-09-23,https://www.arm.gov/publications/tech_reports/handbooks/sirs_handbook.pdf,True,https://www.arm.gov/publications/tech_reports/handbooks/sirs_handbook.pdf,https://www.arm.gov/publications/tech_reports/handbooks/sirs_handbook.pdf,191,183.0,7,"bnf,crg,dst,ena,kcg,nsa,sgp",sgpsirsC1.b1,bnf,S40,b1,2024-10-01,2026-09-22,True,True,210,arm-instrument-sirs,sgpsirsC1.b1.20200523.000000.cdf,2026-09-23,A Andreas; M Dooraghi; A Habte; M Kutchenreiter; I Reda; M Sengupta,DOE/SC-ARM-TR-025,April 2018,58.0,17.0,brs,True,,,,
skyrad,Sky Radiometers on Stand for Downwelling Radiation,Radiometric,Longwave broadband downwelling irradiance; Longwave narrowband brightness temperature; Shortwave broadband diffuse downwelling irradiance; Shortwave broadband direct normal irradiance; Shortwave broadband total downwelling irradiance,True,armobs; extobs,True,1996-10-09,2026-09-23,https://www.arm.gov/publications/tech_reports/handbooks/skyrad_handbook.pdf,True,https://www.arm.gov/publications/tech_reports/handbooks/sirs_handbook.pdf,https://www.arm.gov/publications/tech_reports/handbooks/skyrad_handbook.pdf,109,79.0,29,"anx,asi,awr,bnf,cor,crg,dst,ena,epc,fkb,gan,grw",nsaskyrad60sC1.b1,bnf,S40,b1,2024-10-01,2026-09-22,True,True,190,arm-instrument-skyrad,nsaskyrad60sC1.b1.20260919.000000.nc,2026-09-23,T. Stoffel,ARM TR-026,November 2004,7.0,1.0,,True,,,,
smart,Surface-Sensing Measurements for Atmospheric Radiative Transfer,Radiometric,,False,iop,False,,,,False,,,0,,0,,,,,,,,,False,0,,,,,,,,,,,,,,
smos,Surface Meteorological Observation System Instruments for SGP,Radiometric; Surface Meteorology,Atmospheric moisture; Atmospheric pressure; Atmospheric temperature; Atmospheric turbulence; Horizontal wind; Precipitation,True,armobs,False,1997-04-22,2004-04-01,https://www.arm.gov/publications/tech_reports/handbooks/smos_handbook.pdf,True,https://www.arm.gov/publications/tech_reports/handbooks/smos_handbook.pdf,https://www.arm.gov/publications/tech_reports/handbooks/smos_handbook.pdf,10,10.0,1,sgp,sgp30smosA5.a1,sgp,A5,a1,1997-05-01,2004-04-01,False,True,277,arm-instrument-smos,sgp30smosA5.a1.20040329.000000.cdf,2026-09-23,M.T. Ritsche,DOE/SC-ARM/TR-031,March 2008,34.0,20.0,,True,,,,
smps,Scanning mobility particle sizer,Aerosols,Aerosol concentration; Aerosol particle size; Aerosol particle size distribution; Hygroscopic growth,True,armobs; iop,True,2012-06-27,2026-09-23,https://www.arm.gov/publications/tech_reports/handbooks/smps_handbook.pdf,True,https://www.arm.gov/publications/tech_reports/handbooks/doe-sc-arm-tr-343.pdf,https://www.arm.gov/publications/tech_reports/handbooks/smps_handbook.pdf,45,40.0,14,"anx,asi,bnf,cor,crg,dst,ena,epc,guc,hou,mao,mos",enaaossmpsC1.b1,ena,C1,b1,2022-11-01,2026-09-22,True,True,177,arm-instrument-smps,enaaossmpsC1.b1.20260922.000000.nc,2026-09-23,A Singh; C Kuang,DOE/SC-ARM-TR-147,April 2024,25.0,20.0,,True,,,,
smps-air,Scanning mobility particle sizer aboard aircraft,Aerosols; Airborne Observations,Aerosol concentration; Aerosol particle size distribution,True,armobs; iop,False,2018-11-04,2018-12-08,https://www.arm.gov/publications/tech_reports/handbooks/doe-sc-arm-tr-310.pdf,True,https://www.arm.gov/publications/tech_reports/handbooks/doe-sc-arm-tr-310.pdf,,1,1.0,1,cor,coraafsmpsF1.b1,cor,F1,b1,2018-11-04,2018-12-08,True,True,308,arm-instrument-smps-air,coraafsmpsF1.b1.20181205.000000.txt.tar,2026-09-23,F Mei,DOE/SC-ARM-TR-310,October 2024,12.0,4.0,msems-air,True,,,,
so2,Sulfur Dioxide Monitor,Other,Sulfur Dioxide (SO2) Concentration,True,armobs; iop,True,2012-06-24,2026-09-22,https://www.arm.gov/publications/tech_reports/handbooks/so2_handbook.pdf,True,https://www.arm.gov/publications/tech_reports/handbooks/so2_handbook.pdf,https://www.arm.gov/publications/tech_reports/handbooks/so2_handbook.pdf,41,39.0,9,"asi,bnf,crg,dst,epc,hou,mao,pvc,sgp",bnfaosso2M1.b1,bnf,M1,b1,2024-10-18,2026-09-11,True,True,217,arm-instrument-so2,bnfaosso2M1.b1.20260908.000000.nc,2026-09-23,SR Springston,DOE/SC-ARM-TR-180,March 2016,30.0,15.0,so2-air,True,,,,
so2-air,Sulfur Dioxide Monitor aboard Aircraft,Airborne Observations; Other,Sulfur Dioxide (SO2) Concentration,True,armderiv; armobs,False,2013-06-30,2018-12-08,https://www.arm.gov/publications/tech_reports/handbooks/so2_handbook.pdf,True,https://www.arm.gov/publications/tech_reports/handbooks/so2_handbook.pdf,,6,5.0,3,"cor,osc,sgp",oscaafso2F1.c1,osc,F1,c1,2013-07-15,2013-10-22,True,True,337,arm-instrument-so2-air,oscaafso2F1.c1.20131020.190344.nc,2026-09-23,SR Springston,DOE/SC-ARM-TR-180,March 2016,30.0,17.0,so2,True,,,,
soar,Shipboard Oceanographic and Atmospheric Radiation,Ocean Observations; Radiometric; Surface Meteorology,,False,iop,False,,,,False,,,0,,0,,,,,,,,,False,0,,,,,,,,,,,,,,
sodar,Mini Sound Detection and Ranging,Atmospheric Profiling,Atmospheric turbulence; Horizontal wind; Vertical velocity,True,armobs; iop,False,1997-04-01,2020-06-01,https://www.arm.gov/publications/tech_reports/handbooks/sodar_handbook.pdf,True,https://www.arm.gov/publications/tech_reports/handbooks/sodar_handbook.pdf,https://www.arm.gov/publications/tech_reports/handbooks/sodar_handbook.pdf,12,12.0,6,"anx,asi,cor,mao,pvc,sgp",anxsodarM1.b1,sgp,A5,b1,1997-05-01,2004-03-31,True,True,155,arm-instrument-sodar,anxsodarM1.b1.20200529.000000.cdf,2026-09-23,P Muradyan; R Coulter,DOE/SC-ARM-TR-154,May 2020,20.0,10.0,,True,,,,
soil,Soil Measurement from the SGP,Surface/Subsurface Properties,,True,armobs; iop,False,1999-05-23,2024-05-02,,False,,,3,1.0,1,sgp,sgpsoilA4.a1,sgp,A4,a1,1999-05-23,2004-04-01,False,False,195,,,,,,,,,,,,,,
sonde,Balloon-Borne Sounding System,Atmospheric Profiling,Atmospheric moisture; Atmospheric pressure; Atmospheric temperature; Horizontal wind,True,armobs; evalobs; extobs; iop,True,1970-01-01,2026-09-23,https://www.arm.gov/publications/tech_reports/handbooks/sonde_handbook.pdf,True,,https://www.arm.gov/publications/tech_reports/handbooks/sonde_handbook.pdf,118,110.0,32,"acx,anx,asi,awr,bnf,cor,crg,dst,ena,epc,fkb,gan",sgpsondewnpnC1.b1,sgp,C1,b1,2001-04-01,2026-09-21,True,True,176,arm-instrument-sonde,sgpsondewnpnC1.b1.20260921.113143.nc,2026-09-23,E Keeler,DOE/SC-ARM-TR-029,May 2025,15.0,5.0,,True,,,,
sonde-class,NCAR CLASS Sounding System,Atmospheric Profiling,,False,iop,False,,,,False,,,0,,0,,,,,,,,,False,0,,,,,,,,,,,,,,
sondeadjust,Sonde Adjust,Atmospheric Profiling,Atmospheric moisture; Atmospheric pressure; Atmospheric temperature; Horizontal wind,False,armderiv; evalderiv,False,1997-08-28,2019-03-05,https://www.arm.gov/publications/tech_reports/doe-sc-arm-tr-102.pdf,True,https://www.arm.gov/publications/tech_reports/doe-sc-arm-tr-102.pdf,,15,14.0,13,"cjc,fkb,gan,grw,hfe,nim,nsa,pgh,pvc,pye,sbs,sgp",sgpsondeadjustC1.c1,sgp,C1,c1,1999-07-20,2012-09-01,True,False,271,,,,,,,,,,,,,,
sondecalc,Balloon-borne sounding system (BBSS): recalculated wind/pressure/temp/RH,Atmospheric Profiling,Atmospheric pressure,False,armderiv,False,1994-10-01,2001-01-03,,False,,,5,5.0,1,sgp,sgpsondewndcalcC1.c1,sgp,C1,c1,1994-10-01,2001-01-03,True,False,145,,,,,,,,,,,,,,
sondegrid,Gridded Sonde VAP Product,Atmospheric Profiling,Atmospheric moisture; Atmospheric pressure; Atmospheric temperature; Horizontal wind,False,armderiv,True,1999-07-20,2026-09-22,https://www.arm.gov/publications/tech_reports/doe-sc-arm-tr-183.pdf,True,https://www.arm.gov/publications/tech_reports/doe-sc-arm-tr-183.pdf,,28,28.0,22,"anx,asi,awr,bnf,cor,crg,dst,ena,epc,gan,guc,hou",sgpgriddedsondeC1.c0,sgp,C1,c0,1999-07-20,2026-09-21,True,False,87,,,,,,,,,,,,,,
sondeparam,convective parameters derived from radiosonde data,Atmospheric Profiling,Atmospheric moisture; Convection,False,armderiv,True,2001-04-01,2026-09-23,https://www.arm.gov/publications/tech_reports/doe-sc-arm-tr-284.pdf,True,https://www.arm.gov/publications/tech_reports/doe-sc-arm-tr-284.pdf,,12,12.0,10,"bnf,crg,dst,ena,epc,guc,hou,mao,sgp,tmp",sgpsondeparamC1.c1,sgp,C1,c1,2001-04-01,2026-09-21,True,False,277,,,,,,,,,,,,,,
sonicwind,ultrasonic wind sensor,Surface Meteorology,Horizontal wind; Vertical velocity,True,armobs; iop,True,2003-10-31,2026-09-23,,False,,,7,5.0,1,nsa,nsasonicwind3dE12.b1,nsa,E12,b1,2026-09-11,2026-09-22,True,False,105,,,,,,,,,,,,,,
sp-ams,Soot particle aerosol mass spectrometer,,,False,iop,False,,,,False,,,0,,0,,,,,,,,,False,0,,,,,,,,,,,,,,
sp2,Single Particle Soot Photometer,Aerosols; Atmospheric Carbon,Black carbon concentration,True,armobs; evalderiv; evalobs; iop,True,2012-11-14,2026-09-23,https://www.arm.gov/publications/tech_reports/doe-sc-arm-tr-169.pdf,True,https://www.arm.gov/publications/tech_reports/doe-sc-arm-tr-169.pdf,,29,17.0,10,"blr,bnf,crg,dst,epc,guc,hou,kcg,mos,nsa",bnfaossp2xrM1.b1,bnf,M1,b1,2024-08-20,2026-09-22,True,True,152,arm-instrument-sp2,bnfaossp2xrM1.b1.20260919.000001.nc,2026-09-23,AJ Sedlacek,DOE/SC-ARM-TR-169,February 2017,24.0,10.0,sp2-air,True,,,,
sp2-air,Single Particle Soot Photometer aboard aircraft,Aerosols; Airborne Observations,Black carbon concentration,True,armderiv; armobs; iop,False,2015-06-04,2019-04-29,https://www.arm.gov/publications/tech_reports/doe-sc-arm-tr-169.pdf,True,https://www.arm.gov/publications/tech_reports/doe-sc-arm-tr-169.pdf,,5,4.0,3,"cor,ena,nsa",nsaaafsp2rbc10sF1.c1,nsa,F1,c1,2015-06-04,2015-08-28,True,True,261,arm-instrument-sp2-air,nsaaafsp2rbc10sF1.c1.20150827.213000.nc,2026-09-23,AJ Sedlacek,DOE/SC-ARM-TR-169,February 2017,24.0,9.0,sp2,True,,,,
spec-atn,Spectral Optical Attenuation of Filter Samples,Aerosols,,False,iop,False,,,,False,,,0,,0,,,,,,,,,False,0,,,,,,,,,,,,,,
spec-learjet,SPEC Learjet,Aerosols; Airborne Observations; Cloud Properties,,False,iop,False,,,,False,,,0,,0,,,,,,,,,False,0,,,,,,,,,,,,,,
spec-totdn,Shortwave Total Downwelling Spectrometer,Radiometric,,False,iop,False,,,,False,,,0,,0,,,,,,,,,False,0,,,,,,,,,,,,,,
spectrascope,SpectraScope radar spectral decomposition,Cloud Properties,Radar Doppler; Radar polarization; Radar reflectivity,False,evalderiv,False,2016-01-01,2026-01-01,,False,,,12,12.0,5,"bnf,ena,hou,nsa,sgp",bnfkazrspectrascopeprM1.c0,bnf,M1,c0,2025-01-01,2026-01-01,True,False,892,,,,,,,,,,,,,,
sphotcod,Cloud optical depth retrieved from multi-channel sunphotometer,Cloud Properties,Cloud effective radius; Cloud optical depth; Liquid water path,False,armderiv,False,2014-01-01,2024-02-13,https://www.arm.gov/publications/tech_reports/doe-sc-arm-tr-317.pdf,True,https://www.arm.gov/publications/tech_reports/doe-sc-arm-tr-317.pdf,,4,4.0,4,"ena,epc,guc,sgp",sgpsphotcod2chiuC1.c1,sgp,C1,c1,2014-01-01,2019-12-29,True,False,424,,,,,,,,,,,,,,
spmf,Solid Particles Mass Flux Sensor,Surface Meteorology,Particle mass flux,True,armobs,True,2018-09-30,2026-09-23,,False,,,6,4.0,1,nsa,nsaspmfE12.b1,nsa,E12,b1,2026-09-11,2026-09-22,True,False,81,,,,,,,,,,,,,,
spms-air,Single Particle Mass Spectrometer aboard aircraft,Aerosols; Airborne Observations,,False,iop,False,,,,False,,,0,,0,,,,,,,,,False,312,,,,,,,,,,,,,,
spn-air,Sunshine Pyranometer aboard aircraft,Airborne Observations; Radiometric,,False,iop,False,,,,False,,,0,,0,,,,,,,,,False,265,,,,,,,,,,,,,,
squire,Surface QUantitatIve pRecipitation Estimation (SQUIRE),Cloud Properties,Precipitation; Radar polarization; Radar reflectivity,False,evalderiv,False,2021-12-01,2025-06-23,https://www.arm.gov/publications/tech_reports/doe-sc-arm-tr-287.pdf,True,https://www.arm.gov/publications/tech_reports/doe-sc-arm-tr-287.pdf,,3,2.0,2,"bnf,guc",bnfcsapr2squireS3.c1,bnf,S3,c1,2025-02-16,2025-06-23,True,False,268,,,,,,,,,,,,,,
srs,Sonic Ranging Sensor,Surface Meteorology,Snow depth,True,armobs,True,2017-04-29,2026-09-22,,False,,,10,5.0,2,"nsa,oli",nsasrsE12.a1,nsa,E12,a1,2022-10-05,2026-09-22,True,False,87,,,,,,,,,,,,,,
ssfr,NASA Ames Solar Spectral Flux Radiometer,Airborne Observations; Radiometric,,False,iop,False,,,,False,,,0,,0,,,,,,,,,False,0,,,,,,,,,,,,,,
ssmi,Special Sensor Microwave/Imager,Satellite Observations,Horizontal wind; Liquid water content; Precipitable water; Precipitation,False,extderiv; extobs,False,1990-12-08,2009-12-31,,False,,,14,14.0,1,gec,gecssmi13X1.c1,gec,X1,c1,1995-05-03,2009-11-18,True,False,356,,,,,,,,,,,,,,
stamp,Soil Temperature and Moisture Profiles,Surface/Subsurface Properties,Precipitation; Soil moisture; Soil temperature,True,armobs,True,2016-02-22,2026-09-22,https://www.arm.gov/publications/tech_reports/handbooks/stamp_handbook.pdf,True,https://www.arm.gov/publications/tech_reports/handbooks/stamp_handbook.pdf,https://www.arm.gov/publications/tech_reports/handbooks/stamp_handbook.pdf,46,46.0,2,"bnf,sgp",bnfstamppcpS40.b1,bnf,S40,b1,2024-10-01,2026-09-22,True,True,296,arm-instrument-stamp,bnfstamppcpS40.b1.20260919.000000.nc,2026-09-23,DR Cook,DOE/SC-ARM-TR-186,April 2018,23.0,12.0,,True,,,,
stereocam,Stereo Cameras for Clouds,Cloud Properties,Images of Clouds; Instrument monitoring non-geophysical variables,True,armobs,True,2014-01-02,2026-09-22,https://www.arm.gov/publications/tech_reports/handbooks/stereocam_handbook.pdf,True,https://www.arm.gov/publications/tech_reports/handbooks/stereocam_handbook.pdf,https://www.arm.gov/publications/tech_reports/handbooks/stereocam_handbook.pdf,34,32.0,4,"bnf,cor,hou,sgp",bnfstereocambmovieS10.a1,bnf,S10,a1,2025-10-06,2026-09-04,True,True,213,arm-instrument-stereocam,,,DM Romps; R Öktem,DOE/SC-ARM-TR-204,May 2026,17.0,10.0,,False,"the product is MPEG video, not a dataset",,,
suomigps,SuomiNet Global Positioning System,Atmospheric Profiling,Atmospheric moisture; Atmospheric pressure; Atmospheric temperature; Precipitable water,False,extderiv,False,2001-06-07,2024-08-11,,False,,,2,2.0,2,"gec,sgp",sgp30suomigpsX1.c1,sgp,X1,c1,2001-06-07,2024-08-11,True,False,160,,,,,,,,,,,,,,
surflog,SGP Surface Conditions Observations by Site Technicians,Other,Surface condition,True,armobs,False,1995-10-24,2002-04-25,,False,,,1,1.0,1,sgp,sgpsurflogC1.a1,sgp,C1,a1,1995-10-24,2002-04-25,False,False,107,,,,,,,,,,,,,,
surfspecalb,Surface Spectral Albedo,Surface/Subsurface Properties,Surface albedo; Surface condition,False,armderiv,True,1998-04-07,2026-08-01,https://www.arm.gov/publications/tech_reports/doe-sc-arm-tr-096.pdf,True,https://www.arm.gov/publications/tech_reports/doe-sc-arm-tr-096.pdf,,9,4.0,3,"ena,nsa,sgp",sgpsurfspecalb7nch1mlawerC1.c1,sgp,C1,c1,2021-01-13,2026-08-01,True,False,332,,,,,,,,,,,,,,
surthref,Surface Temperature and Humidity Reference System for Sondes,Surface Meteorology,Atmospheric moisture; Atmospheric temperature,True,armobs,False,2005-07-28,2014-09-15,https://www.arm.gov/publications/tech_reports/handbooks/surthref_handbook.pdf,True,https://www.arm.gov/publications/tech_reports/handbooks/surthref_handbook.pdf,https://www.arm.gov/publications/tech_reports/handbooks/surthref_handbook.pdf,1,1.0,1,sgp,sgpsurthrefC1.b1,sgp,C1,b1,2005-07-28,2014-09-15,False,True,193,arm-instrument-surthref,sgpsurthrefC1.b1.20140912.000000.cdf,2026-09-23,,DOE/SC-ARM/TR-068,February 2011,16.0,6.0,,True,,,,
swacr,"W-Band (95 GHz) ARM Cloud Radar, mounted to scan",Cloud Properties,Radar Doppler; Radar reflectivity,True,armobs,False,2009-10-05,2011-04-25,https://www.arm.gov/publications/tech_reports/handbooks/wacr_handbook.pdf,False,,,23,23.0,3,"grw,sbs,sgp",sgpswacrvptC1.b1,sgp,C1,b1,2010-03-09,2010-04-23,False,False,151,arm-instrument-swacr,,,K. B. Widener; K. Johnson,ARM-TR-073,April 2006,17,11,mwacr,False,"ARM Live listed files for every SWACR datastream but each download returned an HTTP error, the same failure the WACR datastreams show",True,parent-system-level,
swats,Soil Water and Temperature System,Surface/Subsurface Properties,Precipitation; Soil moisture; Soil temperature,True,armobs,False,1996-02-05,2017-07-03,https://www.arm.gov/publications/tech_reports/handbooks/swats_handbook.pdf,True,https://www.arm.gov/publications/tech_reports/handbooks/swats_handbook.pdf,https://www.arm.gov/publications/tech_reports/handbooks/swats_handbook.pdf,65,65.0,1,sgp,sgpswatsE13.b1,sgp,E13,b1,1996-02-05,2017-07-03,False,True,206,arm-instrument-swats,sgpswatsE13.b1.20170630.000700.nc,2026-09-23,DR Cook,DOE/SC-ARM-TR-063,April 2018,30.0,12.0,,True,,,,
sws,Shortwave Spectroradiometer,Radiometric,Longwave spectral radiance; Shortwave narrowband radiance; Shortwave spectral radiance,True,armobs; iop,True,1989-12-31,2026-09-23,https://www.arm.gov/publications/tech_reports/handbooks/sws_handbook.pdf,True,https://www.arm.gov/publications/tech_reports/handbooks/sws_handbook.pdf,https://www.arm.gov/publications/tech_reports/handbooks/sws_handbook.pdf,16,3.0,2,"ena,sgp",sgpswsC1.b1,sgp,C1,b1,2006-04-30,2015-03-31,True,True,210,arm-instrument-sws,sgpswsC1.b1.20150328.000000.cdf,2026-09-23,Peter Pilewskie; John Pommier,DOE/SC-ARM/TR-062,May 2007,12.0,7.0,,True,,,,
synoptic-maps,National Climatic Data Center Synoptic Maps,Atmospheric Profiling; Derived Quantities and Models; Surface Meteorology,,False,iop,False,,,,False,,,0,,0,,,,,,,,,False,0,,,,,,,,,,,,,,
synopweareg,Synoptic Weather Regime Classification VAP products,Atmospheric Profiling,Synoptic Weather Regime,False,evalderiv,False,2000-06-01,2025-11-30,,False,,,11,11.0,5,"bnf,crg,hou,mao,sgp",bnfsynopwearegdjf2025mlM1.c1,bnf,M1,c1,2024-12-01,2025-02-28,True,False,570,,,,,,,,,,,,,,
tao,Tropical Atmosphere Ocean from Buoys,Ocean Observations; Radiometric; Surface Meteorology,Atmospheric moisture; Atmospheric temperature; Horizontal wind; Precipitation; Sea surface temperature; Shortwave broadband total downwelling irradiance,False,extobs,False,1997-06-10,2004-07-01,,False,,,28,28.0,1,twp,twp10taoprecip165e2nX1.a1,twp,X1,a1,1998-01-07,2004-06-01,False,False,245,,,,,,,,,,,,,,
tap,Tricolor Absorption Photometer,Aerosols,,True,armobs; iop,False,2016-03-21,2018-04-17,https://www.arm.gov/publications/tech_reports/handbooks/doe-sc-arm-tr-267.pdf,True,https://www.arm.gov/publications/tech_reports/handbooks/doe-sc-arm-tr-267.pdf,,2,2.0,1,sgp,sgpaostapE13.b1,sgp,E13,b1,2016-11-18,2018-04-17,False,True,194,arm-instrument-tap,sgpaostapE13.b1.20180414.000000.nc,2026-09-23,J Uin; S Smith; O Mayol-Bracero; D De Oliveira,DOE/SC-ARM-TR-267,April 2025,23.0,10.0,,True,,,,
tap-air,Tricolor Absorption Photometer aboard aircraft,Aerosols; Airborne Observations,Aerosol absorption,True,armobs,True,2021-03-03,2026-09-16,https://www.arm.gov/publications/tech_reports/handbooks/doe-sc-arm-tr-267.pdf,False,,,7,5.0,2,"bnf,sgp",bnfaafstapU2.b1,bnf,U2,b1,2024-07-26,2026-09-13,True,False,128,arm-instrument-tap-air,bnfaafstapU2.b1.20260911.144750.nc,2026-09-24,J Uin; S Smith; O Mayol-Bracero; D De Oliveira,DOE/SC-ARM-TR-267,April 2025,23,10,,True,,True,parent-system-level,
tbscpc,Condensation Particle Counter aboard Tethered Balloon System,Aerosols; Airborne Observations,Aerosol concentration,True,armobs,True,2018-07-24,2026-09-23,https://www.arm.gov/publications/tech_reports/handbooks/tbs_handbook.pdf,False,,,20,11.0,7,"bnf,crg,dst,guc,hou,oli,sgp",sgptbscpcC1.b1,bnf,S1,b1,2026-03-29,2026-05-14,True,False,518,arm-instrument-tbscpc,sgptbscpcC1.b1.20241111.170300.nc,2026-09-24,D Dexheimer; Z Cheng; J Creamean; J Sammon; K Gaustad; F Mei; C Longbottom,DOE/SC-ARM-TR-206,February 2026,32,9,"tbsdts,tbsground,tbsins,tbslws,tbsmet,tbspops,tbsslwc,tbswind",True,,True,class-specific,
tbsdts,Distributed Temperature Sensing aboard Tethered Balloon System,Airborne Observations; Atmospheric Profiling; Surface Meteorology; Surface/Subsurface Properties,Atmospheric temperature,True,armobs; iop,True,2019-04-25,2026-09-23,https://www.arm.gov/publications/tech_reports/handbooks/tbs_handbook.pdf,False,,,19,8.0,6,"bnf,crg,dst,guc,hou,sgp",sgptbsdtsch1C1.b1,bnf,M1,b1,2025-03-21,2026-05-17,True,False,312,arm-instrument-tbsdts,sgptbsdtsch1C1.b1.20241111.170319.nc,2026-09-24,D Dexheimer; Z Cheng; J Creamean; J Sammon; K Gaustad; F Mei; C Longbottom,DOE/SC-ARM-TR-206,February 2026,32,10,"tbscpc,tbsground,tbsins,tbslws,tbsmet,tbspops,tbsslwc,tbswind",True,,True,class-specific,
tbsghg,Greenhouse Gas Monitor aboard Tethered Balloon System,Airborne Observations; Atmospheric Carbon,,False,iop,False,,,,False,,,0,,0,,,,,,,,,False,230,,,,,,,,,,,,,,
tbsground,Tethered Balloon System Ground Measurement,Airborne Observations; Atmospheric Profiling; Surface Meteorology,Atmospheric moisture; Atmospheric pressure; Atmospheric temperature; Horizontal wind,True,armobs,True,2016-04-18,2026-09-23,https://www.arm.gov/publications/tech_reports/handbooks/tbs_handbook.pdf,False,,,13,7.0,7,"bnf,crg,dst,guc,hou,oli,sgp",sgptbsgroundC1.b1,bnf,M1,b1,2025-03-24,2026-09-22,True,False,77,arm-instrument-tbsground,sgptbsgroundC1.b1.20241210.000000.nc,2026-09-24,D Dexheimer; Z Cheng; J Creamean; J Sammon; K Gaustad; F Mei; C Longbottom,DOE/SC-ARM-TR-206,February 2026,32,4,"tbscpc,tbsdts,tbsins,tbslws,tbsmet,tbspops,tbsslwc,tbswind",True,,True,class-specific,
tbsins,Ice Nucleation Spectrometer for INP measurements aboard Tethered Balloon System,Aerosols; Airborne Observations; Cloud Properties,Ice Nucleating Particle (INP) Concentration,True,armobs,False,2022-04-10,2026-09-23,https://www.arm.gov/publications/tech_reports/handbooks/tbs_handbook.pdf,False,,,14,9.0,5,"bnf,crg,dst,guc,sgp",sgptbsinpC1.a1,bnf,M1,a1,2025-03-21,2025-06-15,True,False,178,arm-instrument-tbsins,sgptbsinpC1.a1.20220426.142826.nc,2026-09-24,D Dexheimer; Z Cheng; J Creamean; J Sammon; K Gaustad; F Mei; C Longbottom,DOE/SC-ARM-TR-206,February 2026,32,5,"tbscpc,tbsdts,tbsground,tbslws,tbsmet,tbspops,tbsslwc,tbswind",True,,True,class-specific,
tbslws,Leaf Wetness Sensor aboard Tethered Balloon System,Airborne Observations; Atmospheric Profiling; Surface/Subsurface Properties,,True,armobs,False,2016-04-18,2016-10-22,https://www.arm.gov/publications/tech_reports/handbooks/tbs_handbook.pdf,False,,,1,1.0,1,oli,olitbslwsM1.a0,oli,M1,a0,2016-04-18,2016-10-22,True,False,148,arm-instrument-tbslws,,,D Dexheimer; Z Cheng; J Creamean; J Sammon; K Gaustad; F Mei; C Longbottom,DOE/SC-ARM-TR-206,February 2026,32,17,"tbscpc,tbsdts,tbsground,tbsins,tbsmet,tbspops,tbsslwc,tbswind",False,"the only TBS liquid-water-sensor datastream is level a0, which ARM Live does not serve by policy",True,parent-system-level,
tbsmerged,Tethered Balloon System (TBS) Merged Data Product,Airborne Observations,Aerosol concentration; Aerosol particle size distribution; Atmospheric moisture; Atmospheric temperature; Cloud base height; Horizontal wind,False,armderiv,False,2017-04-09,2025-08-24,https://www.arm.gov/publications/tech_reports/doe-sc-arm-tr-286.pdf,True,https://www.arm.gov/publications/tech_reports/doe-sc-arm-tr-286.pdf,,7,7.0,6,"bnf,crg,guc,hou,oli,sgp",bnftbsmergedM1.c1,bnf,M1,c1,2025-03-21,2025-08-24,True,False,918,,,,,,,,,,,,,,
tbsmet,Meteorological Instrumentation aboard TBS,Airborne Observations; Atmospheric Profiling,Atmospheric moisture; Atmospheric pressure; Atmospheric temperature; Horizontal wind; Navigation variables,True,armobs,True,2016-04-18,2026-09-23,https://www.arm.gov/publications/tech_reports/handbooks/tbs_handbook.pdf,False,,,49,34.0,7,"bnf,crg,dst,guc,hou,oli,sgp",sgptbsimetxq2C1.b1,bnf,S1,b1,2026-03-29,2026-05-10,True,False,113,arm-instrument-tbsmet,sgptbsimetxq2C1.b1.20241110.143517.nc,2026-09-24,D Dexheimer; Z Cheng; J Creamean; J Sammon; K Gaustad; F Mei; C Longbottom,DOE/SC-ARM-TR-206,February 2026,32,7,"tbscpc,tbsdts,tbsground,tbsins,tbslws,tbspops,tbsslwc,tbswind",True,,True,class-specific,
tbsozonesonde,Ozone Sonde onboard a Tethered Balloon System,Airborne Observations; Atmospheric Profiling,,False,iop,False,,,,False,,,0,,0,,,,,,,,,False,118,,,,,,,,,,,,,,
tbspops,Portable Optical Particle Spectrometer aboard Tethered Balloon System,Aerosols; Airborne Observations,Aerosol concentration; Aerosol particle size distribution,True,armobs; iop,True,2018-07-24,2026-09-23,https://www.arm.gov/publications/tech_reports/handbooks/tbs_handbook.pdf,False,,,15,10.0,7,"bnf,crg,dst,guc,hou,oli,sgp",sgptbspopsC1.b1,bnf,S1,b1,2026-03-29,2026-05-14,True,False,264,arm-instrument-tbspops,sgptbspopsC1.b1.20241111.170300.nc,2026-09-24,D Dexheimer; Z Cheng; J Creamean; J Sammon; K Gaustad; F Mei; C Longbottom,DOE/SC-ARM-TR-206,February 2026,32,7,"tbscpc,tbsdts,tbsground,tbsins,tbslws,tbsmet,tbsslwc,tbswind",True,,True,class-specific,
tbsslwc,Supercooled Liquid Water Content Sondes aboard Tethered Balloon System,Airborne Observations; Atmospheric Profiling; Cloud Properties,Atmospheric pressure; Atmospheric temperature; Horizontal wind; Liquid water content; Navigation variables,True,armobs,False,2016-04-18,2020-11-20,https://www.arm.gov/publications/tech_reports/handbooks/tbs_handbook.pdf,False,,,2,2.0,1,oli,olitbsslwcM1.b1,oli,M1,b1,2018-07-02,2020-11-13,True,False,235,arm-instrument-tbsslwc,olitbsslwcM1.b1.20201113.082841.nc,2026-09-24,D Dexheimer; Z Cheng; J Creamean; J Sammon; K Gaustad; F Mei; C Longbottom,DOE/SC-ARM-TR-206,February 2026,32,4,"tbscpc,tbsdts,tbsground,tbsins,tbslws,tbsmet,tbspops,tbswind",True,,True,class-specific,
tbsvips,Video Ice Particle Sampler aboard Tethered Balloon System,Airborne Observations; Cloud Properties,,False,iop,False,,,,False,,,0,,0,,,,,,,,,False,171,,,,,,,,,,,,,,
tbsvoc,Volatile Organic Compound (VOC) Sampler aboard a Tethered Balloon System (TBS),Aerosols; Airborne Observations,,False,iop,False,,,,False,,,0,,0,,,,,,,,,False,154,,,,,,,,,,,,,,
tbswind,Anemometers aboard Tethered Balloon System,Airborne Observations; Atmospheric Profiling,Horizontal wind; Vertical velocity,True,armobs; iop,True,2018-07-02,2026-09-23,https://www.arm.gov/publications/tech_reports/handbooks/tbs_handbook.pdf,False,,,33,22.0,7,"bnf,crg,dst,guc,hou,oli,sgp",sgptbswindC1.b1,bnf,S1,b1,2026-03-29,2026-05-10,True,False,187,arm-instrument-tbswind,sgptbswindC1.b1.20241111.170031.nc,2026-09-24,D Dexheimer; Z Cheng; J Creamean; J Sammon; K Gaustad; F Mei; C Longbottom,DOE/SC-ARM-TR-206,February 2026,32,8,"tbscpc,tbsdts,tbsground,tbsins,tbslws,tbsmet,tbspops,tbsslwc",True,,True,class-specific,
tdcims,Thermal Desorption Chemical Ionization Mass Spectrometer,Aerosols,,False,iop,False,,,,False,,,0,,0,,,,,,,,,False,0,,,,,,,,,,,,,,
tdlas,Tunable Diode Laser Absorption Spectroscopy (TDLAS),Aerosols; Cloud Properties,,False,iop,False,,,,False,,,0,,0,,,,,,,,,False,0,,,,,,,,,,,,,,
tdma,Tandem Differential Mobility Analyzer,Aerosols,Aerosol concentration; Aerosol particle size distribution; Hygroscopic growth; Particle number concentration,True,armderiv; armobs; iop,False,2005-10-07,2014-11-20,https://www.arm.gov/publications/tech_reports/handbooks/tdma_handbook.pdf,True,https://www.arm.gov/publications/tech_reports/handbooks/tdma_handbook.pdf,https://www.arm.gov/publications/tech_reports/handbooks/tdma_handbook.pdf,3,3.0,1,sgp,sgptdmaapssizeC1.c1,sgp,C1,c1,2010-01-01,2014-11-20,False,True,425,arm-instrument-tdma,sgptdmaapssizeC1.c1.20141117.001000.cdf,2026-09-23,Don Collins,DOE/SC-ARM-TR-090,June 2010,26.0,20.0,,True,,,,
tdma-air,Tandem Differential Mobility Analyzer- Airborne,Aerosols; Airborne Observations,,False,iop,False,,,,False,,,0,,0,,,,,,,,,False,139,,,,,,,,,,,,,,
tdmadap,Aerosol Properties derived from TDMA Measurements,Aerosols,Cloud condensation nuclei,False,extderiv,False,2005-10-07,2009-05-31,,False,,,1,1.0,1,sgp,sgptdmaccncollX1.c1,sgp,X1,c1,2005-10-07,2009-05-31,True,False,153,,,,,,,,,,,,,,
tem,Transmission Electron Microscope,,,False,iop,False,,,,False,,,0,,0,,,,,,,,,False,0,,,,,,,,,,,,,,
teom,Tapered Element Oscillating Microbalance,Aerosols,,False,iop,False,,,,False,,,0,,0,,,,,,,,,False,0,,,,,,,,,,,,,,
tethersonde-cm,Tethersonde With Chilled Mirror,Airborne Observations; Atmospheric Profiling,,False,iop,False,,,,False,,,0,,0,,,,,,,,,False,0,,,,,,,,,,,,,,
tethersonde-slwc,tethersonde with supercooled liquid water content sensor ,Airborne Observations; Cloud Properties,,False,iop,False,,,,False,,,0,,0,,,,,,,,,False,227,,,,,,,,,,,,,,
thermocldphase,Thermodynamic Cloud Phase,Cloud Properties,Cloud location; Cloud phase,False,armderiv; evalderiv,False,2011-01-18,2026-06-30,https://www.arm.gov/publications/tech_reports/doe-sc-arm-tr-325.pdf,True,https://www.arm.gov/publications/tech_reports/doe-sc-arm-tr-325.pdf,,21,20.0,15,"anx,awr,bnf,cor,crg,ena,epc,guc,hou,kcg,mar,mos",sgpthermocldphaseC1.c1,sgp,C1,c1,2011-01-18,2014-03-15,True,False,240,,,,,,,,,,,,,,
thwaps,"Temperature, Humidity, Wind and Pressure Sensors",Surface Meteorology,Atmospheric moisture; Atmospheric pressure; Atmospheric temperature; Horizontal wind,True,armobs,False,1999-09-21,2016-01-26,https://www.arm.gov/publications/tech_reports/handbooks/thwaps_handbook.pdf,True,https://www.arm.gov/publications/tech_reports/handbooks/thwaps_handbook.pdf,https://www.arm.gov/publications/tech_reports/handbooks/thwaps_handbook.pdf,10,10.0,1,sgp,sgpthwapsC1.b1,sgp,C1,b1,1999-09-21,2016-01-26,False,True,168,arm-instrument-thwaps,sgpthwapsC1.b1.20160123.000000.cdf,2026-09-23,,ARM TR-030,January 2011,17.0,11.0,,True,,,,
tlcv,Time-Lapsed Cloud Video,Cloud Properties,Cloud fraction,True,armobs,False,1997-09-15,2001-09-14,,False,,,1,1.0,1,sgp,sgptlcvC1.c1,sgp,C1,c1,1997-09-15,2001-09-14,False,False,849,,,,,,,,,,,,,,
toacess,"Top of atmosphere (TOA): radiative flux data, after R. Cess",Other,,False,armderiv,False,1994-08-08,1994-12-11,,False,,,1,1.0,1,sgp,sgp1toacessC1.c1,sgp,C1,c1,1994-08-08,1994-12-11,True,False,164,,,,,,,,,,,,,,
toms,Total Ozone Mapping Spectrometer,Satellite Observations,Aerosol absorption; Ozone Column Abundance; Surface albedo,False,extobs,False,1996-07-22,2005-12-14,,False,,,1,1.0,1,gec,gectomsX1.a1,gec,X1,a1,1996-07-22,2005-12-14,False,False,219,,,,,,,,,,,,,,
towerflux,Tower Flux Measurements,Radiometric; Surface/Subsurface Properties,,False,iop,False,,,,False,,,0,,0,,,,,,,,,False,0,,,,,,,,,,,,,,
tps,Total Precipitation Sensor,Surface Meteorology,Atmospheric temperature; Horizontal wind; Precipitation,True,armobs; iop,False,2006-08-23,2014-05-21,https://www.arm.gov/publications/tech_reports/handbooks/tps_handbook.pdf,True,https://www.arm.gov/publications/tech_reports/handbooks/tps_handbook.pdf,https://www.arm.gov/publications/tech_reports/handbooks/tps_handbook.pdf,2,2.0,1,nsa,nsatpsauxC1.b1,nsa,C1,b1,2011-07-28,2014-05-21,False,True,300,arm-instrument-tps,nsatpsauxC1.b1.20140518.000000.cdf,2026-09-23,,DOE/SC-ARM/TR-094,February 2011,91.0,29.0,,True,,,,
trac,Time Resolved Aerosol Collector,Aerosols,,False,iop,False,,,,False,,,0,,0,,,,,,,,,False,0,,,,,,,,,,,,,,
tracegas,Trace gas concentrations,Aerosols; Atmospheric Carbon; Atmospheric Profiling,,False,iop,False,,,https://www.arm.gov/publications/tech_reports/handbooks/tracegas_handbook.pdf,True,,https://www.arm.gov/publications/tech_reports/handbooks/tracegas_handbook.pdf,0,,0,,,,,,,,,False,352,,,,,,,,,,,,,,
tracegas-air,Trace gas concentrations - airborne,Aerosols; Airborne Observations; Atmospheric Profiling,,True,armobs; iop,False,,,,False,,,0,,0,,,,,,,,,False,0,,,,,,,,,,,,,,
tropoe,Tropospheric Optimal Estimation Retrieval,Derived Quantities and Models,Atmospheric moisture; Atmospheric temperature; Cloud effective radius; Liquid water path,False,armderiv; evalderiv; extderiv; iop,False,2010-01-02,2026-06-20,,False,,,19,19.0,14,"anx,bnf,crg,dst,ena,epc,guc,hou,kcg,mao,mos,nsa",sgptropoeC1.c1,sgp,C1,c1,2010-01-02,2026-06-10,True,False,353,,,,,,,,,,,,,,
tsi,Total Sky Imager,Cloud Properties,Cloud fraction,True,armobs; extobs; iop,False,2000-07-01,2025-08-21,https://www.arm.gov/publications/tech_reports/handbooks/tsi_handbook.pdf,True,,https://www.arm.gov/publications/tech_reports/handbooks/tsi_handbook.pdf,147,142.0,27,"acx,anx,asi,awr,cor,ena,epc,fkb,gan,grw,guc,hfe",sgptsiskycoverC1.b1,sgp,C1,b1,2000-07-02,2025-08-21,True,True,259,arm-instrument-tsi,sgptsiskycoverC1.b1.20250818.000000.cdf,2026-09-23,V. R. Morris,ARM TR-017,June 2005,12.0,10.0,,True,,,,
turbparam-air,Turbulent Parameters Estimated from an Airborne Instrument,Airborne Observations; Derived Quantities and Models,,False,iop,False,,,,False,,,0,,0,,,,,,,,,False,174,,,,,,,,,,,,,,
twin-otter-li-prof,Twin Otter Lidar Profiles,Airborne Observations; Atmospheric Profiling,,False,iop,False,,,,False,,,0,,0,,,,,,,,,False,0,,,,,,,,,,,,,,
twr,Facility-specific multi-level Meteorological Instrumentation,Atmospheric Profiling; Surface Meteorology,Atmospheric moisture; Atmospheric temperature; Horizontal wind; Vertical velocity,True,armobs,True,1993-07-21,2026-09-22,https://www.arm.gov/publications/tech_reports/handbooks/twr_handbook.pdf,True,https://www.arm.gov/publications/tech_reports/handbooks/twr_handbook.pdf,https://www.arm.gov/publications/tech_reports/handbooks/twr_handbook.pdf,29,28.0,3,"bnf,nsa,sgp",sgptowermetC1.b1,bnf,S10,b1,2025-04-15,2026-09-22,True,True,115,arm-instrument-twr,sgptowermetC1.b1.20260919.000000.nc,2026-09-23,D R Cook,DOE/SC-ARM/TR-050,January 2016,30.0,18.0,,True,,,,
twrmr,Tower Water-Vapor Mixing Ratio,Atmospheric Profiling,Atmospheric moisture; Atmospheric pressure; Atmospheric temperature,False,armderiv,True,1998-04-01,2026-09-20,,False,,,2,2.0,1,sgp,sgp1twrmrC1.c1,sgp,C1,c1,1998-04-01,2026-09-20,True,False,157,,,,,,,,,,,,,,
twst,Three Waveband Spectrally-agile Technique Sensor,Atmospheric Profiling; Cloud Properties; Radiometric,,False,iop,False,2023-01-09,2024-06-02,,False,,,1,1.0,1,sgp,sgptwstC1.00,sgp,C1,00,2023-01-09,2024-06-02,True,False,135,,,,,,,,,,,,,,
uav-altus,UAV Altus,Airborne Observations,,False,iop,False,,,,False,,,0,,0,,,,,,,,,False,0,,,,,,,,,,,,,,
uav-altus-met,UAV Altus Meteorology Package,Airborne Observations,,False,iop,False,,,,False,,,0,,0,,,,,,,,,False,0,,,,,,,,,,,,,,
uav-egrett,UAV-Egrett,Airborne Observations; Radiometric,,False,iop,False,,,,False,,,0,,0,,,,,,,,,False,0,,,,,,,,,,,,,,
uav-gnat,UAV-General Atomics GNAT,Airborne Observations,,False,iop,False,,,,False,,,0,,0,,,,,,,,,False,0,,,,,,,,,,,,,,
uav-met-otter,Meteorology from UAV-Twin Otter,Airborne Observations,,False,iop,False,,,,False,,,0,,0,,,,,,,,,False,0,,,,,,,,,,,,,,
uav-proteus,UAV Proteus,Airborne Observations; Radiometric,,False,iop,False,,,,False,,,0,,0,,,,,,,,,False,0,,,,,,,,,,,,,,
uav-proteus-micro,Proteus Cloud Microphysics Instruments,Airborne Observations; Cloud Properties,,False,iop,False,,,,False,,,0,,0,,,,,,,,,False,0,,,,,,,,,,,,,,
uhsas,Ultra-High Sensitivity Aerosol Spectrometer,Aerosols,Aerosol concentration; Aerosol particle size distribution,True,armobs; iop,True,2012-06-27,2026-09-23,https://www.arm.gov/publications/tech_reports/handbooks/uhsas_handbook.pdf,True,https://www.arm.gov/publications/tech_reports/handbooks/uhsas_handbook.pdf,https://www.arm.gov/publications/tech_reports/handbooks/uhsas_handbook.pdf,46,44.0,18,"anx,asi,bnf,cor,crg,dst,ena,epc,guc,hou,kcg,mag",enaaosuhsasC1.b1,bnf,M1,b1,2024-10-01,2026-09-22,True,True,301,arm-instrument-uhsas,enaaosuhsasC1.b1.20260919.000006.nc,2026-09-23,J Uin,DOE/SC-ARM-TR-163,April 2024,16.0,9.0,,True,,,,
uhsas-air,Ultra-High Sensitivity Aerosol Spectrometer aboard aircraft,Aerosols; Airborne Observations,Aerosol concentration; Aerosol particle size distribution,True,armobs; iop,False,2013-06-24,2016-09-23,https://www.arm.gov/publications/tech_reports/handbooks/doe-sc-arm-tr-250.pdf,True,https://www.arm.gov/publications/tech_reports/handbooks/doe-sc-arm-tr-250.pdf,,10,10.0,5,"acx,mao,nsa,osc,sgp",sgpaafuhsasF1.b1,sgp,F1,b1,2016-04-25,2016-09-22,True,True,101,arm-instrument-uhsas-air,sgpaafuhsasF1.b1.20160921.164642.nc,2026-09-23,J Uin; L Goldberger,DOE/SC-ARM-TR-250,July 2020,20.0,10.0,,True,,,,
umasscprs,University of Massachusetts Cloud Profiling Radar System,Cloud Properties,Radar reflectivity,False,extobs; iop,False,2001-04-24,2002-01-22,,False,,,2,2.0,1,sgp,sgpumasscprs95graphX1.a1,sgp,X1,a1,2001-04-24,2002-01-22,True,False,167,,,,,,,,,,,,,,
usdarad,US Department of Agriculture (USDA) Radiation Monitoring Data,Radiometric,Atmospheric moisture; Atmospheric pressure; Atmospheric temperature; Shortwave narrowband diffuse downwelling irradiance; Shortwave narrowband direct normal irradiance,False,extobs,False,1999-02-17,2020-01-30,,False,,,7,7.0,1,sgp,sgpusdauvmfrsrmloX1.00,sgp,X1,00,2017-01-01,2020-01-21,True,False,375,,,,,,,,,,,,,,
uv-mfrsr,Ultraviolet Multifilter Rotating Shadowband Radiometer,Radiometric,,False,iop,False,,,,False,,,0,,0,,,,,,,,,False,0,,,,,,,,,,,,,,
uw-air,University of Washington Airborne Aerosol Instruments,Aerosols; Airborne Observations,,False,iop,False,,,,False,,,0,,0,,,,,,,,,False,0,,,,,,,,,,,,,,
uw-convair580,University of Washington Convair 580 Aircraft,Airborne Observations; Cloud Properties,,False,iop,False,,,,False,,,0,,0,,,,,,,,,False,0,,,,,,,,,,,,,,
varanal,Constrained Variational Analysis,Derived Quantities and Models,Advective tendency; Atmospheric moisture; Atmospheric pressure; Atmospheric temperature; Cloud fraction; Cloud size,False,armderiv; evalderiv; extderiv; iop,False,1997-04-02,2026-01-31,https://www.arm.gov/publications/tech_reports/doe-sc-arm-tr-222.pdf,True,https://www.arm.gov/publications/tech_reports/doe-sc-arm-tr-222.pdf,,86,82.0,18,"anx,awr,cor,crg,dna,ena,epc,gan,guc,hfe,hou,kcg",sgp60varanarapC1.c1,sgp,C1,c1,2012-05-01,2019-08-31,True,False,89,,,,,,,,,,,,,,
varanal3d,Three-dimensional Constrained Variational Analysis,Derived Quantities and Models,Advective tendency; Atmospheric moisture; Atmospheric pressure; Atmospheric temperature; Cloud fraction; Geopotential Height,False,armderiv; evalderiv,False,2000-03-01,2011-06-06,https://www.arm.gov/publications/tech_reports/doe-sc-arm-tr-253.pdf,True,https://www.arm.gov/publications/tech_reports/doe-sc-arm-tr-253.pdf,,9,9.0,1,sgp,sgp180varanal3drucC1.c1,sgp,C1,c1,2000-03-01,2011-06-06,True,False,247,,,,,,,,,,,,,,
vdis,Video Disdrometer,Surface Meteorology,Hydrometeor Geometry; Hydrometeor Size Distribution; Hydrometeor fall velocity; Hydrometeor size; Precipitation,True,armobs; iop,True,1999-12-31,2026-09-21,https://www.arm.gov/publications/tech_reports/handbooks/vdis_handbook.pdf,True,https://www.arm.gov/publications/tech_reports/handbooks/doe-sc-arm-tr-111.pdf,https://www.arm.gov/publications/tech_reports/handbooks/vdis_handbook.pdf,29,28.0,12,"bnf,cor,crg,dst,ena,epc,gan,hou,kcg,sgp,tmp,twp",sgpvdisdropsC1.b1,bnf,M1,b1,2024-11-20,2026-09-21,True,True,239,arm-instrument-vdis,sgpvdisdropsC1.b1.20260917.025805.cdf,2026-09-23,MJ Bartholomew,DOE/SC-ARM-TR-111,June 2020,18.0,7.0,disdrometer,True,,,,
vdisquants,Video Disdrometer VAP,Surface Meteorology,Hydrometeor size; Liquid water content; Precipitation; Radar reflectivity,False,armderiv,True,2011-02-28,2026-09-21,https://www.arm.gov/publications/tech_reports/doe-sc-arm-tr-221.pdf,True,https://www.arm.gov/publications/tech_reports/doe-sc-arm-tr-221.pdf,,12,12.0,10,"bnf,cor,crg,dst,ena,epc,hou,kcg,sgp,twp",bnfvdisquantsM1.c1,bnf,M1,c1,2024-11-20,2026-09-21,True,False,57,,,,,,,,,,,,,,
vips-tbs,TBS Video Ice Particle Sampler,Cloud Properties,,False,iop,False,,,,False,,,0,,0,,,,,,,,,False,0,,,,,,,,,,,,,,
visst,Minnis Cloud Products Using Visst Algorithm,Cloud Properties; Satellite Observations,Atmospheric pressure; Atmospheric temperature; Cloud base height; Cloud effective radius; Cloud fraction; Cloud location,False,extderiv; iop,False,1996-01-01,2026-05-31,,False,,,117,109.0,25,"anx,asi,awr,bnf,cor,crg,ena,epc,fkb,gan,grw,guc",bnfvisstpx2dg19minnisX1.c1,bnf,X1,c1,2025-04-08,2026-05-31,True,False,302,,,,,,,,,,,,,,
wacr,W-Band (95 GHz) ARM Cloud Radar,Cloud Properties,Radar Doppler; Radar reflectivity,True,armobs,False,2005-06-22,2017-08-14,https://www.arm.gov/publications/tech_reports/handbooks/wacr_handbook.pdf,True,,https://www.arm.gov/publications/tech_reports/handbooks/wacr_handbook.pdf,30,30.0,8,"asi,fkb,grw,hfe,mao,nim,pvc,sgp",sgpwacrC1.b1,sgp,C1,b1,2005-06-22,2008-09-23,True,True,243,arm-instrument-wacr,,,K. B. Widener; K. Johnson,ARM-TR-073,April 2006,17.0,10.0,,False,ARM Live listed files for every WACR datastream but each download returned an HTTP error,,,
wacrarscl,W-band  Cloud Radar Active Remote Sensing of Cloud,Cloud Properties,Cloud base height; Cloud top height; Radar Doppler; Radar polarization; Radar reflectivity,False,armderiv; evalderiv,False,2005-07-01,2018-03-24,,False,,,22,22.0,11,"asi,awr,fkb,grw,hfe,mao,mar,nim,pvc,sgp,tmp",sgparsclwacrbnd1kolliasC1.c1,sgp,C1,c1,2005-07-01,2008-09-23,True,False,373,,,,,,,,,,,,,,
wb,Weighing Bucket Precipitation Gauge,Surface Meteorology,Precipitation,True,armobs,True,2016-11-22,2026-09-22,https://www.arm.gov/publications/tech_reports/handbooks/doe-sc-arm-tr-232.pdf,True,https://www.arm.gov/publications/tech_reports/handbooks/doe-sc-arm-tr-232.pdf,,19,15.0,15,"anx,asi,bnf,cor,crg,dst,ena,epc,guc,hou,kcg,mos",sgpwbpluvio2C1.a1,bnf,M1,a1,2024-09-06,2026-09-22,True,True,220,arm-instrument-wb,sgpwbpluvio2C1.a1.20260919.000000.nc,2026-09-23,MJ Bartholomew,DOE/SC-ARM-TR-232,June 2020,30.0,11.0,,True,,,,
wcm-air,Water content meter aboard aircraft,Airborne Observations; Cloud Properties,Liquid water content,True,armobs; iop,False,2018-11-04,2018-11-04,https://www.arm.gov/publications/tech_reports/handbooks/doe-sc-arm-tr-261.pdf,True,https://www.arm.gov/publications/tech_reports/handbooks/doe-sc-arm-tr-261.pdf,,1,1.0,1,cor,coraafwcmF1.a1,cor,F1,a1,2018-11-04,2018-11-04,True,True,220,arm-instrument-wcm-air,,,A Matthews; L Goldberger,DOE/SC-ARM-TR-261,November 2020,14.0,5.0,,False,"the datastream serves a tar containing a nested zip archive, not netCDF",,,
wcr,W-Band Cloud Radar,Cloud Properties,,False,iop,False,,,,False,,,0,,0,,,,,,,,,False,110,,,,,,,,,,,,,,
wfov-livermore,Wide Field of View Cameras - Livermore,Cloud Properties; Surface/Subsurface Properties,,False,iop,False,,,,False,,,0,,0,,,,,,,,,False,0,,,,,,,,,,,,,,
wibs,Wideband Integrated Bioaerosol Sensor,Aerosols,,False,iop,False,,,,False,,,0,,0,,,,,,,,,False,175,,,,,,,,,,,,,,
wpdn,Wind Profiler Demo Network,Atmospheric Profiling,Atmospheric moisture; Atmospheric pressure; Atmospheric temperature; Atmospheric turbulence; Horizontal wind; Precipitation,False,extobs,False,1994-01-21,2014-11-05,,False,,,8,8.0,1,sgp,sgp60fslwpdnrassX1.b1,sgp,X1,b1,2002-03-20,2014-11-05,False,False,222,,,,,,,,,,,,,,
wpdngps,Wind Profiler Demonstration Network GPS,Atmospheric Profiling,Precipitable water,False,extderiv; iop,False,1996-01-01,2016-10-02,,False,,,1,1.0,1,sgp,sgp30wpdngpsX1.c1,sgp,X1,c1,1996-01-01,2016-10-02,True,False,175,,,,,,,,,,,,,,
wrf,Weather Research and Forecasting (WRF) Model Output,Atmospheric Profiling; Cloud Properties; Derived Quantities and Models; Surface Meteorology,,False,iop,False,,,,False,,,0,,0,,,,,,,,,False,0,,,,,,,,,,,,,,
wrf-chem,"Weather Research and Forecasting (WRF) Model, coupled with chemistry",Aerosols; Atmospheric Profiling; Cloud Properties; Derived Quantities and Models; Surface Meteorology,,False,iop,False,,,,False,,,0,,0,,,,,,,,,False,0,,,,,,,,,,,,,,
wsacr,W-band Scanning ARM Cloud Radar,Cloud Properties,Radar Doppler; Radar polarization; Radar reflectivity,True,armobs; evalobs,True,2011-04-06,2026-09-23,https://www.arm.gov/publications/tech_reports/handbooks/wsacr_handbook.pdf,True,https://www.arm.gov/publications/tech_reports/handbooks/wsacr_handbook.pdf,https://www.arm.gov/publications/tech_reports/handbooks/wsacr_handbook.pdf,691,145.0,8,"anx,asi,ena,epc,nsa,oli,pvc,sgp",anxwsacrcfrqcM1.b1,epc,S2,b1,2023-02-15,2024-02-15,True,True,316,arm-instrument-wsacr,anxwsacrcfrqcM1.b1.20200529.035028.nc,2026-09-23,K Widener; N Bharadwaj; K Johnson,DOE/SC-ARM/TR-113,June 2012,37.0,10.0,"kasacr,xsacr",True,,,,
wsi,Whole Sky Imager,Cloud Properties,Cloud fraction,True,armobs; iop,False,1995-09-20,2004-01-10,https://www.arm.gov/publications/tech_reports/handbooks/wsi_handbook.pdf,True,https://www.arm.gov/publications/tech_reports/handbooks/wsi_handbook.pdf,https://www.arm.gov/publications/tech_reports/handbooks/wsi_handbook.pdf,46,46.0,3,"nsa,sgp,twp",sgp02wsipartradmpgC1.b1,sgp,C1,b1,1995-09-20,2003-10-23,False,True,124,arm-instrument-wsi,,,,ARM TR-043,January 2005,21.0,23.0,,False,products are imagery (mpg/jpg) or summary files that ARM Live listed but would not serve,,,
wsicloud,Whole Sky Imager Cloud Products,Cloud Properties,Cloud fraction,False,armderiv,False,1995-09-20,2004-01-12,,False,,,31,31.0,3,"nsa,sgp,twp",sgpwsicloudsummaryC1.c1,sgp,C1,c1,1995-09-20,2003-10-23,True,False,141,,,,,,,,,,,,,,
wsr-88d,Weather Surveillance Radar,Atmospheric Profiling,,False,iop,False,,,,False,,,0,,0,,,,,,,,,False,0,,,,,,,,,,,,,,
wviso,Water Vapor Isotope Analyzer,Other,,False,iop,False,,,,False,,,0,,0,,,,,,,,,False,176,,,,,,,,,,,,,,
xband-guest,X-Band Radar - Guest,Cloud Properties,,False,iop,False,,,,False,,,0,,0,,,,,,,,,False,0,,,,,,,,,,,,,,
xprecipcmac,CSU X-Band Precip Radar (XPRECIPRADAR) PPI Corrected Moments to Antenna Coord,Cloud Properties,Precipitation; Radar reflectivity,False,evalderiv,False,2021-11-02,2023-06-16,https://www.arm.gov/publications/tech_reports/doe-sc-arm-tr-313.pdf,True,https://www.arm.gov/publications/tech_reports/doe-sc-arm-tr-313.pdf,,1,1.0,1,guc,gucxprecipradarcmacppiS2.c1,guc,S2,c1,2021-11-02,2023-06-16,True,False,359,,,,,,,,,,,,,,
xprecipradar,X-Band Precipitation Radar,Cloud Properties,Radar Doppler; Radar polarization; Radar reflectivity,True,armobs; extobs,False,2021-09-01,2023-06-16,,False,,,2,1.0,1,guc,gucxprecipradarS2.00,guc,S2,00,2021-10-30,2023-06-16,True,False,133,,,,,,,,,,,,,,"the X-SAPR handbook contains no text naming this radar, and its only datastream is 2.1 GB raw files"
xprecipradarhp,Surface Hydrometeor Phase,Cloud Properties; Surface Meteorology,Cloud base height,False,evalderiv,False,2021-11-02,2023-06-16,https://www.arm.gov/publications/tech_reports/doe-sc-arm-tr-334.pdf,True,https://www.arm.gov/publications/tech_reports/doe-sc-arm-tr-334.pdf,,1,1.0,1,guc,gucxprecipradarhpS2.c1,guc,S2,c1,2021-11-02,2023-06-16,True,False,554,,,,,,,,,,,,,,
xsacr,X-Band Scanning ARM  Cloud Radar,Cloud Properties,Radar Doppler; Radar polarization; Radar reflectivity,True,armobs; iop,True,2011-09-14,2026-09-23,https://www.arm.gov/publications/tech_reports/handbooks/xsacr_handbook.pdf,True,https://www.arm.gov/publications/tech_reports/handbooks/wsacr_handbook.pdf,https://www.arm.gov/publications/tech_reports/handbooks/xsacr_handbook.pdf,264,117.0,8,"awr,bnf,cor,gan,hou,mos,tmp,twp",houxsacrcfrqcM1.b1,bnf,S4,b1,2025-04-01,2025-07-01,True,True,337,arm-instrument-xsacr,houxsacrcfrqcM1.b1.20220918.194606.nc,2026-09-23,K Widener; N Bharadwaj; K Johnson,DOE/SC-ARM/TR-113,June 2012,37.0,11.0,"kasacr,wsacr",True,,,,
xsacrgridppi,"X-Band Scanning ARM Cloud Radar PPI scan, Cartesian Cloud Cover VAP",Cloud Properties,Radar Doppler; Radar polarization; Radar reflectivity,False,evalderiv,False,2021-10-01,2026-06-30,,False,,,3,3.0,2,"bnf,hou",bnfxsacrgridppiS4.c1,bnf,S4,c1,2025-04-01,2025-07-01,True,False,138,,,,,,,,,,,,,,
xsacrgridrhi,"X-Band Scanning ARM Cloud Radar RHI scan, Cartesian Cloud Cover VAP",Cloud Properties,Radar Doppler; Radar polarization; Radar reflectivity,False,evalderiv,False,2018-10-01,2026-06-30,,False,,,5,5.0,3,"bnf,cor,hou",bnfxsacrgridrhiS4.c1,bnf,S4,c1,2025-04-01,2025-06-30,True,False,138,,,,,,,,,,,,,,
xsapr,X-Band Scanning ARM Precipitation Radar,Cloud Properties,Radar Doppler; Radar polarization; Radar reflectivity,True,armobs; iop,True,2010-12-14,2026-09-23,https://www.arm.gov/publications/tech_reports/handbooks/xsapr_handbook.pdf,True,https://www.arm.gov/publications/tech_reports/handbooks/xsapr_handbook.pdf,https://www.arm.gov/publications/tech_reports/handbooks/xsapr_handbook.pdf,338,69.0,3,"ena,nsa,sgp",nsaxsaprcfrqcC1.b1,nsa,C1,b1,2024-04-12,2026-01-13,True,True,665,arm-instrument-xsapr,nsaxsaprcfrqcC1.b1.20260109.110010.nc,2026-09-23,K Widener; N Bharadwaj,DOE/SC-ARM/TR-117,October 2012,22.0,9.0,,True,,,,
xsapr-cmac,X-SAPR Corrected Moments in Antenna Coordinates,Cloud Properties; Derived Quantities and Models,Atmospheric temperature; Precipitation; Radar Doppler; Radar polarization; Radar reflectivity,False,armderiv; evalderiv,False,2017-07-31,2020-09-24,https://www.arm.gov/publications/tech_reports/doe-sc-arm-tr-283.pdf,True,https://www.arm.gov/publications/tech_reports/doe-sc-arm-tr-283.pdf,,9,8.0,2,"nsa,sgp",sgpcmac2I4.c1,sgp,I4,c1,2018-08-30,2019-01-22,True,False,863,,,,,,,,,,,,,,
